method,repeat,fold,accuracy,balanced_accuracy,roc_auc,params
dummy,0,0,0.601351,0.500000,0.500000,{}
dummy,0,1,0.605442,0.500000,0.500000,{}
dummy,0,2,0.605442,0.500000,0.500000,{}
dummy,0,3,0.598639,0.500000,0.500000,{}
dummy,0,4,0.598639,0.500000,0.500000,{}
dummy,1,0,0.601351,0.500000,0.500000,{}
dummy,1,1,0.605442,0.500000,0.500000,{}
dummy,1,2,0.605442,0.500000,0.500000,{}
dummy,1,3,0.598639,0.500000,0.500000,{}
dummy,1,4,0.598639,0.500000,0.500000,{}
dummy,2,0,0.601351,0.500000,0.500000,{}
dummy,2,1,0.605442,0.500000,0.500000,{}
dummy,2,2,0.605442,0.500000,0.500000,{}
dummy,2,3,0.598639,0.500000,0.500000,{}
dummy,2,4,0.598639,0.500000,0.500000,{}
dummy,3,0,0.601351,0.500000,0.500000,{}
dummy,3,1,0.605442,0.500000,0.500000,{}
dummy,3,2,0.605442,0.500000,0.500000,{}
dummy,3,3,0.598639,0.500000,0.500000,{}
dummy,3,4,0.598639,0.500000,0.500000,{}
dummy,4,0,0.601351,0.500000,0.500000,{}
dummy,4,1,0.605442,0.500000,0.500000,{}
dummy,4,2,0.605442,0.500000,0.500000,{}
dummy,4,3,0.598639,0.500000,0.500000,{}
dummy,4,4,0.598639,0.500000,0.500000,{}
logreg,0,0,0.810811,0.794134,0.896782,"{""C"": 0.01}"
logreg,0,1,0.816327,0.809279,0.875242,"{""C"": 0.03162277660168379}"
logreg,0,2,0.843537,0.819740,0.883766,"{""C"": 0.03162277660168379}"
logreg,0,3,0.836735,0.830123,0.910439,"{""C"": 0.03162277660168379}"
logreg,0,4,0.789116,0.781972,0.872881,"{""C"": 0.03162277660168379}"
logreg,1,0,0.770270,0.754713,0.860027,"{""C"": 0.01}"
logreg,1,1,0.823129,0.793878,0.907207,"{""C"": 0.01}"
logreg,1,2,0.823129,0.808892,0.895002,"{""C"": 0.03162277660168379}"
logreg,1,3,0.850340,0.847072,0.880586,"{""C"": 0.1}"
logreg,1,4,0.782313,0.770705,0.872881,"{""C"": 0.03162277660168379}"
logreg,2,0,0.824324,0.805370,0.891068,"{""C"": 0.01}"
logreg,2,1,0.741497,0.738473,0.846377,"{""C"": 0.03162277660168379}"
logreg,2,2,0.789116,0.768791,0.875823,"{""C"": 0.01}"
logreg,2,3,0.877551,0.869800,0.924307,"{""C"": 0.03162277660168379}"
logreg,2,4,0.843537,0.830220,0.888097,"{""C"": 0.1}"
logreg,3,0,0.851351,0.836412,0.908779,"{""C"": 0.01}"
logreg,3,1,0.761905,0.761333,0.835723,"{""C"": 0.1}"
logreg,3,2,0.809524,0.797656,0.895196,"{""C"": 0.03162277660168379}"
logreg,3,3,0.795918,0.776483,0.884438,"{""C"": 0.01}"
logreg,3,4,0.843537,0.835805,0.918143,"{""C"": 0.03162277660168379}"
logreg,4,0,0.810811,0.802704,0.906494,"{""C"": 0.03162277660168379}"
logreg,4,1,0.789116,0.768791,0.865169,"{""C"": 0.01}"
logreg,4,2,0.816327,0.800271,0.885316,"{""C"": 0.1}"
logreg,4,3,0.775510,0.776194,0.845917,"{""C"": 0.1}"
logreg,4,4,0.877551,0.858629,0.927966,"{""C"": 0.03162277660168379}"
knn,0,0,0.804054,0.782803,0.894877,"{""n_neighbors"": 7, ""weights"": ""distance""}"
knn,0,1,0.816327,0.791263,0.883185,"{""n_neighbors"": 21, ""weights"": ""distance""}"
knn,0,2,0.761905,0.725300,0.835335,"{""n_neighbors"": 7, ""weights"": ""distance""}"
knn,0,3,0.802721,0.773787,0.904854,"{""n_neighbors"": 51, ""weights"": ""distance""}"
knn,0,4,0.816327,0.796321,0.876156,"{""n_neighbors"": 31, ""weights"": ""distance""}"
knn,1,0,0.804054,0.777090,0.861550,"{""n_neighbors"": 31, ""weights"": ""distance""}"
knn,1,1,0.816327,0.785258,0.892387,"{""n_neighbors"": 7, ""weights"": ""distance""}"
knn,1,2,0.809524,0.779640,0.856645,"{""n_neighbors"": 5, ""weights"": ""distance""}"
knn,1,3,0.775510,0.751059,0.854584,"{""n_neighbors"": 7, ""weights"": ""uniform""}"
knn,1,4,0.802721,0.782165,0.884919,"{""n_neighbors"": 21, ""weights"": ""uniform""}"
knn,2,0,0.756757,0.720625,0.865549,"{""n_neighbors"": 21, ""weights"": ""distance""}"
knn,2,1,0.700680,0.668733,0.841534,"{""n_neighbors"": 21, ""weights"": ""distance""}"
knn,2,2,0.789116,0.759783,0.878245,"{""n_neighbors"": 31, ""weights"": ""uniform""}"
knn,2,3,0.857143,0.847169,0.920455,"{""n_neighbors"": 7, ""weights"": ""uniform""}"
knn,2,4,0.795918,0.770898,0.867874,"{""n_neighbors"": 15, ""weights"": ""distance""}"
knn,3,0,0.844595,0.819368,0.903637,"{""n_neighbors"": 21, ""weights"": ""uniform""}"
knn,3,1,0.789116,0.771794,0.873499,"{""n_neighbors"": 11, ""weights"": ""distance""}"
knn,3,2,0.809524,0.785645,0.872917,"{""n_neighbors"": 15, ""weights"": ""uniform""}"
knn,3,3,0.789116,0.751252,0.904854,"{""n_neighbors"": 21, ""weights"": ""distance""}"
knn,3,4,0.782313,0.753948,0.895031,"{""n_neighbors"": 11, ""weights"": ""uniform""}"
knn,4,0,0.790541,0.771567,0.874595,"{""n_neighbors"": 9, ""weights"": ""uniform""}"
knn,4,1,0.795918,0.771406,0.886091,"{""n_neighbors"": 31, ""weights"": ""distance""}"
knn,4,2,0.789116,0.747772,0.880279,"{""n_neighbors"": 41, ""weights"": ""distance""}"
knn,4,3,0.782313,0.759534,0.874422,"{""n_neighbors"": 41, ""weights"": ""distance""}"
knn,4,4,0.795918,0.762519,0.906683,"{""n_neighbors"": 11, ""weights"": ""uniform""}"
