variant,method,n_repeats,repeat,fold,accuracy,balanced_accuracy,roc_auc,params,fit_time
dummy,dummy,5,0,0,0.6013513513513513,0.5,0.5,{},
dummy,dummy,5,0,1,0.6054421768707483,0.5,0.5,{},
dummy,dummy,5,0,2,0.6054421768707483,0.5,0.5,{},
dummy,dummy,5,0,3,0.5986394557823129,0.5,0.5,{},
dummy,dummy,5,0,4,0.5986394557823129,0.5,0.5,{},
dummy,dummy,5,1,0,0.6013513513513513,0.5,0.5,{},
dummy,dummy,5,1,1,0.6054421768707483,0.5,0.5,{},
dummy,dummy,5,1,2,0.6054421768707483,0.5,0.5,{},
dummy,dummy,5,1,3,0.5986394557823129,0.5,0.5,{},
dummy,dummy,5,1,4,0.5986394557823129,0.5,0.5,{},
dummy,dummy,5,2,0,0.6013513513513513,0.5,0.5,{},
dummy,dummy,5,2,1,0.6054421768707483,0.5,0.5,{},
dummy,dummy,5,2,2,0.6054421768707483,0.5,0.5,{},
dummy,dummy,5,2,3,0.5986394557823129,0.5,0.5,{},
dummy,dummy,5,2,4,0.5986394557823129,0.5,0.5,{},
dummy,dummy,5,3,0,0.6013513513513513,0.5,0.5,{},
dummy,dummy,5,3,1,0.6054421768707483,0.5,0.5,{},
dummy,dummy,5,3,2,0.6054421768707483,0.5,0.5,{},
dummy,dummy,5,3,3,0.5986394557823129,0.5,0.5,{},
dummy,dummy,5,3,4,0.5986394557823129,0.5,0.5,{},
dummy,dummy,5,4,0,0.6013513513513513,0.5,0.5,{},
dummy,dummy,5,4,1,0.6054421768707483,0.5,0.5,{},
dummy,dummy,5,4,2,0.6054421768707483,0.5,0.5,{},
dummy,dummy,5,4,3,0.5986394557823129,0.5,0.5,{},
dummy,dummy,5,4,4,0.5986394557823129,0.5,0.5,{},
knn,knn,5,0,0,0.8378378378378378,0.8166063606932012,0.8881165492287184,"{""n_neighbors"": 11, ""weights"": ""uniform""}",
knn,knn,5,0,1,0.8027210884353742,0.7800271212708252,0.900232468035645,"{""n_neighbors"": 11, ""weights"": ""distance""}",
knn,knn,5,0,2,0.8095238095238095,0.7856450987989152,0.8742735373886091,"{""n_neighbors"": 7, ""weights"": ""distance""}",
knn,knn,5,0,3,0.782312925170068,0.7595338983050848,0.838308936825886,"{""n_neighbors"": 3, ""weights"": ""distance""}",
knn,knn,5,0,4,0.7891156462585034,0.7596302003081664,0.8822226502311248,"{""n_neighbors"": 15, ""weights"": ""distance""}",
knn,knn,5,1,0,0.7905405405405406,0.7629975242810894,0.8764044943820225,"{""n_neighbors"": 9, ""weights"": ""uniform""}",
knn,knn,5,1,1,0.8367346938775511,0.8081170089112747,0.9139868268113136,"{""n_neighbors"": 31, ""weights"": ""distance""}",
knn,knn,5,1,2,0.8027210884353742,0.7740216970166602,0.8802789616427741,"{""n_neighbors"": 9, ""weights"": ""distance""}",
knn,knn,5,1,3,0.8095238095238095,0.7822611710323575,0.8940677966101694,"{""n_neighbors"": 31, ""weights"": ""distance""}",
knn,knn,5,1,4,0.7891156462585034,0.7652157164869029,0.891949152542373,"{""n_neighbors"": 9, ""weights"": ""distance""}",
knn,knn,5,2,0,0.7905405405405406,0.7687107217672824,0.8821176918682155,"{""n_neighbors"": 21, ""weights"": ""distance""}",
knn,knn,5,2,1,0.8299319727891157,0.7994963192561022,0.9153428903525764,"{""n_neighbors"": 21, ""weights"": ""distance""}",
knn,knn,5,2,2,0.7755102040816326,0.7395389383959705,0.8503487020534676,"{""n_neighbors"": 31, ""weights"": ""uniform""}",
knn,knn,5,2,3,0.7959183673469388,0.759726502311248,0.8869414483821263,"{""n_neighbors"": 11, ""weights"": ""distance""}",
knn,knn,5,2,4,0.8163265306122449,0.7963212634822805,0.9058166409861326,"{""n_neighbors"": 21, ""weights"": ""uniform""}",
knn,knn,5,3,0,0.8175675675675675,0.7940392306227385,0.8873547895638926,"{""n_neighbors"": 7, ""weights"": ""uniform""}",
knn,knn,5,3,1,0.8435374149659864,0.8197404106935295,0.9263851220457188,"{""n_neighbors"": 41, ""weights"": ""distance""}",
knn,knn,5,3,2,0.8027210884353742,0.7800271212708252,0.8727237504843084,"{""n_neighbors"": 15, ""weights"": ""distance""}",
knn,knn,5,3,3,0.7687074829931972,0.7453775038520801,0.8865562403697996,"{""n_neighbors"": 11, ""weights"": ""distance""}",
knn,knn,5,3,4,0.7891156462585034,0.7624229583975346,0.8177966101694916,"{""n_neighbors"": 3, ""weights"": ""distance""}",
knn,knn,5,4,0,0.831081081081081,0.8024185869358218,0.9026852028185108,"{""n_neighbors"": 9, ""weights"": ""distance""}",
knn,knn,5,4,1,0.8163265306122449,0.791263076327005,0.9089500193723364,"{""n_neighbors"": 5, ""weights"": ""uniform""}",
knn,knn,5,4,2,0.7687074829931972,0.7459318093762108,0.8551917861294072,"{""n_neighbors"": 11, ""weights"": ""distance""}",
knn,knn,5,4,3,0.7755102040816326,0.7426810477657935,0.8649845916795069,"{""n_neighbors"": 11, ""weights"": ""distance""}",
knn,knn,5,4,4,0.7891156462585034,0.7680084745762712,0.8801040061633282,"{""n_neighbors"": 7, ""weights"": ""uniform""}",
logreg,logreg,5,0,0,0.7972972972972973,0.7800418967815654,0.8781184536278803,"{""C"": 0.31622776601683794}",
logreg,logreg,5,0,1,0.8095238095238095,0.8156722200697404,0.8800852382797365,"{""C"": 0.31622776601683794}",
logreg,logreg,5,0,2,0.8231292517006803,0.8088919023634251,0.9085625726462612,"{""C"": 0.01}",
logreg,logreg,5,0,3,0.7551020408163265,0.7368066255778121,0.8663328197226503,"{""C"": 0.01}",
logreg,logreg,5,0,4,0.8095238095238095,0.7794684129429892,0.8969568567026194,"{""C"": 0.01}",
logreg,logreg,5,1,0,0.7905405405405406,0.7801371167396687,0.8676442582365264,"{""C"": 0.01}",
logreg,logreg,5,1,1,0.8639455782312925,0.8456024796590469,0.9120495931809376,"{""C"": 1.0}",
logreg,logreg,5,1,2,0.7959183673469388,0.7834172801239829,0.8781480046493606,"{""C"": 0.03162277660168379}",
logreg,logreg,5,1,3,0.782312925170068,0.7623266563944531,0.898497688751926,"{""C"": 0.01}",
logreg,logreg,5,1,4,0.7891156462585034,0.787557781201849,0.8913713405238829,"{""C"": 0.1}",
logreg,logreg,5,2,0,0.7905405405405406,0.7887069129689583,0.8651685393258427,"{""C"": 0.1}",
logreg,logreg,5,2,1,0.8367346938775511,0.8201278574196048,0.9203796977915536,"{""C"": 0.01}",
logreg,logreg,5,2,2,0.7891156462585034,0.7567803177063154,0.8564509879891514,"{""C"": 0.01}",
logreg,logreg,5,2,3,0.7551020408163265,0.7423921417565484,0.8726887519260401,"{""C"": 0.31622776601683794}",
logreg,logreg,5,2,4,0.8367346938775511,0.8273305084745763,0.9137134052388288,"{""C"": 0.01}",
logreg,logreg,5,3,0,0.8648648648648649,0.8619310607503332,0.9137307179584842,"{""C"": 0.01}",
logreg,logreg,5,3,1,0.8435374149659864,0.8377566834560248,0.9287098024021696,"{""C"": 0.1}",
logreg,logreg,5,3,2,0.8231292517006803,0.8148973266175901,0.8734986439364588,"{""C"": 0.03162277660168379}",
logreg,logreg,5,3,3,0.782312925170068,0.7651194144838213,0.8798151001540833,"{""C"": 0.1}",
logreg,logreg,5,3,4,0.7482993197278912,0.7227465331278891,0.838020030816641,"{""C"": 0.01}",
logreg,logreg,5,4,0,0.8108108108108109,0.7912778518377452,0.8798324128737383,"{""C"": 0.01}",
logreg,logreg,5,4,1,0.8775510204081632,0.8628438589693916,0.939752034095312,"{""C"": 0.03162277660168379}",
logreg,logreg,5,4,2,0.7755102040816326,0.7695660596667958,0.8713676869430453,"{""C"": 0.01}",
logreg,logreg,5,4,3,0.7755102040816326,0.7566448382126348,0.8422573189522342,"{""C"": 0.03162277660168379}",
logreg,logreg,5,4,4,0.8503401360544217,0.8414869029275809,0.889637904468413,"{""C"": 0.01}",
dummy,dummy,2,0,0,0.6013513513513513,0.5,0.5,{},
dummy,dummy,2,0,1,0.6054421768707483,0.5,0.5,{},
dummy,dummy,2,0,2,0.6054421768707483,0.5,0.5,{},
dummy,dummy,2,0,3,0.5986394557823129,0.5,0.5,{},
dummy,dummy,2,0,4,0.5986394557823129,0.5,0.5,{},
dummy,dummy,2,1,0,0.6013513513513513,0.5,0.5,{},
dummy,dummy,2,1,1,0.6054421768707483,0.5,0.5,{},
dummy,dummy,2,1,2,0.6054421768707483,0.5,0.5,{},
dummy,dummy,2,1,3,0.5986394557823129,0.5,0.5,{},
dummy,dummy,2,1,4,0.5986394557823129,0.5,0.5,{},
logreg,logreg,2,0,0,0.7972972972972973,0.7800418967815654,0.8781184536278803,"{""C"": 0.31622776601683794}",
logreg,logreg,2,0,1,0.8095238095238095,0.8156722200697404,0.8800852382797365,"{""C"": 0.31622776601683794}",
logreg,logreg,2,0,2,0.8231292517006803,0.8088919023634251,0.9085625726462612,"{""C"": 0.01}",
logreg,logreg,2,0,3,0.7551020408163265,0.7368066255778121,0.8663328197226503,"{""C"": 0.01}",
logreg,logreg,2,0,4,0.8095238095238095,0.7794684129429892,0.8969568567026194,"{""C"": 0.01}",
logreg,logreg,2,1,0,0.7905405405405406,0.7801371167396687,0.8676442582365264,"{""C"": 0.01}",
logreg,logreg,2,1,1,0.8639455782312925,0.8456024796590469,0.9120495931809376,"{""C"": 1.0}",
logreg,logreg,2,1,2,0.7959183673469388,0.7834172801239829,0.8781480046493606,"{""C"": 0.03162277660168379}",
logreg,logreg,2,1,3,0.782312925170068,0.7623266563944531,0.898497688751926,"{""C"": 0.01}",
logreg,logreg,2,1,4,0.7891156462585034,0.787557781201849,0.8913713405238829,"{""C"": 0.1}",
knn,knn,2,0,0,0.8378378378378378,0.8166063606932012,0.8881165492287184,"{""n_neighbors"": 11, ""weights"": ""uniform""}",
knn,knn,2,0,1,0.8027210884353742,0.7800271212708252,0.900232468035645,"{""n_neighbors"": 11, ""weights"": ""distance""}",
knn,knn,2,0,2,0.8095238095238095,0.7856450987989152,0.8742735373886091,"{""n_neighbors"": 7, ""weights"": ""distance""}",
knn,knn,2,0,3,0.782312925170068,0.7595338983050848,0.838308936825886,"{""n_neighbors"": 3, ""weights"": ""distance""}",
knn,knn,2,0,4,0.7891156462585034,0.7596302003081664,0.8822226502311248,"{""n_neighbors"": 15, ""weights"": ""distance""}",
knn,knn,2,1,0,0.7905405405405406,0.7629975242810894,0.8764044943820225,"{""n_neighbors"": 9, ""weights"": ""uniform""}",
knn,knn,2,1,1,0.8367346938775511,0.8081170089112747,0.9139868268113136,"{""n_neighbors"": 31, ""weights"": ""distance""}",
knn,knn,2,1,2,0.8027210884353742,0.7740216970166602,0.8802789616427741,"{""n_neighbors"": 9, ""weights"": ""distance""}",
knn,knn,2,1,3,0.8095238095238095,0.7822611710323575,0.8940677966101694,"{""n_neighbors"": 31, ""weights"": ""distance""}",
knn,knn,2,1,4,0.7891156462585034,0.7652157164869029,0.891949152542373,"{""n_neighbors"": 9, ""weights"": ""distance""}",
