feat1,feat2,pair,best_single,gain,name
acousticness,speechiness,0.848000,0.769000,0.079000,acousticness + speechiness
energy,speechiness,0.848000,0.769000,0.079000,energy + speechiness
danceability,energy,0.795000,0.722000,0.072000,danceability + energy
loudness,speechiness,0.837000,0.769000,0.068000,loudness + speechiness
danceability,loudness,0.804000,0.753000,0.051000,danceability + loudness
acousticness,danceability,0.797000,0.750000,0.047000,acousticness + danceability
danceability,speechiness,0.814000,0.769000,0.044000,danceability + speechiness
instrumentalness,liveness,0.600000,0.560000,0.040000,instrumentalness + liveness
liveness,tempo,0.596000,0.560000,0.036000,liveness + tempo
liveness,time_signature,0.594000,0.560000,0.034000,liveness + time_signature
liveness,key,0.632000,0.599000,0.034000,liveness + key
instrumentalness,time_signature,0.592000,0.559000,0.033000,instrumentalness + time_signature
acousticness,instrumentalness,0.782000,0.750000,0.032000,acousticness + instrumentalness
acousticness,duration,0.782000,0.750000,0.031000,acousticness + duration
mode,time_signature,0.580000,0.551000,0.029000,mode + time_signature
duration,energy,0.751000,0.722000,0.028000,duration + energy
duration,key,0.626000,0.599000,0.027000,duration + key
duration,speechiness,0.795000,0.769000,0.026000,duration + speechiness
instrumentalness,valence,0.594000,0.571000,0.023000,instrumentalness + valence
acousticness,energy,0.773000,0.750000,0.023000,acousticness + energy
energy,instrumentalness,0.745000,0.722000,0.023000,energy + instrumentalness
liveness,valence,0.592000,0.571000,0.021000,liveness + valence
energy,key,0.743000,0.722000,0.021000,energy + key
acousticness,loudness,0.773000,0.753000,0.020000,acousticness + loudness
acousticness,liveness,0.771000,0.750000,0.020000,acousticness + liveness
tempo,time_signature,0.569000,0.551000,0.018000,tempo + time_signature
valence,key,0.617000,0.599000,0.018000,valence + key
valence,time_signature,0.588000,0.571000,0.018000,valence + time_signature
loudness,key,0.769000,0.753000,0.016000,loudness + key
valence,mode,0.586000,0.571000,0.015000,valence + mode
speechiness,valence,0.785000,0.769000,0.015000,speechiness + valence
duration,loudness,0.768000,0.753000,0.015000,duration + loudness
liveness,speechiness,0.784000,0.769000,0.015000,liveness + speechiness
duration,time_signature,0.609000,0.594000,0.014000,duration + time_signature
liveness,loudness,0.766000,0.753000,0.013000,liveness + loudness
acousticness,tempo,0.762000,0.750000,0.012000,acousticness + tempo
key,time_signature,0.607000,0.599000,0.008000,key + time_signature
loudness,valence,0.761000,0.753000,0.008000,loudness + valence
liveness,mode,0.567000,0.560000,0.007000,liveness + mode
danceability,liveness,0.713000,0.706000,0.007000,danceability + liveness
energy,loudness,0.759000,0.753000,0.006000,energy + loudness
danceability,tempo,0.712000,0.706000,0.006000,danceability + tempo
speechiness,time_signature,0.776000,0.769000,0.006000,speechiness + time_signature
danceability,valence,0.712000,0.706000,0.006000,danceability + valence
danceability,duration,0.712000,0.706000,0.006000,danceability + duration
danceability,time_signature,0.710000,0.706000,0.005000,danceability + time_signature
energy,tempo,0.727000,0.722000,0.005000,energy + tempo
energy,liveness,0.727000,0.722000,0.004000,energy + liveness
speechiness,mode,0.773000,0.769000,0.004000,speechiness + mode
danceability,mode,0.709000,0.706000,0.003000,danceability + mode
key,mode,0.602000,0.599000,0.003000,key + mode
duration,liveness,0.597000,0.594000,0.003000,duration + liveness
acousticness,key,0.753000,0.750000,0.002000,acousticness + key
instrumentalness,tempo,0.561000,0.559000,0.002000,instrumentalness + tempo
acousticness,time_signature,0.752000,0.750000,0.002000,acousticness + time_signature
tempo,valence,0.572000,0.571000,0.001000,tempo + valence
instrumentalness,key,0.599000,0.599000,0.000000,instrumentalness + key
speechiness,key,0.770000,0.769000,0.000000,speechiness + key
loudness,tempo,0.752000,0.753000,-0.000000,loudness + tempo
loudness,mode,0.752000,0.753000,-0.000000,loudness + mode
danceability,instrumentalness,0.705000,0.706000,-0.001000,danceability + instrumentalness
energy,valence,0.722000,0.722000,-0.001000,energy + valence
danceability,key,0.705000,0.706000,-0.001000,danceability + key
energy,mode,0.721000,0.722000,-0.001000,energy + mode
energy,time_signature,0.721000,0.722000,-0.001000,energy + time_signature
acousticness,mode,0.749000,0.750000,-0.001000,acousticness + mode
instrumentalness,mode,0.557000,0.559000,-0.001000,instrumentalness + mode
loudness,time_signature,0.750000,0.753000,-0.002000,loudness + time_signature
duration,instrumentalness,0.590000,0.594000,-0.004000,duration + instrumentalness
instrumentalness,loudness,0.748000,0.753000,-0.005000,instrumentalness + loudness
duration,mode,0.590000,0.594000,-0.005000,duration + mode
acousticness,valence,0.744000,0.750000,-0.006000,acousticness + valence
speechiness,tempo,0.763000,0.769000,-0.007000,speechiness + tempo
tempo,mode,0.529000,0.537000,-0.008000,tempo + mode
instrumentalness,speechiness,0.761000,0.769000,-0.009000,instrumentalness + speechiness
duration,valence,0.581000,0.594000,-0.014000,duration + valence
duration,tempo,0.579000,0.594000,-0.016000,duration + tempo
tempo,key,0.564000,0.599000,-0.035000,tempo + key
