method,n_train,split,train,validation
logreg,117,0,0.837607,0.810811
logreg,117,1,0.923077,0.816327
logreg,117,2,0.846154,0.761905
logreg,117,3,0.837607,0.782313
logreg,117,4,0.854701,0.734694
logreg,117,5,0.897436,0.756757
logreg,117,6,0.880342,0.782313
logreg,117,7,0.863248,0.775510
logreg,117,8,0.871795,0.809524
logreg,117,9,0.846154,0.721088
logreg,235,0,0.829787,0.817568
logreg,235,1,0.855319,0.829932
logreg,235,2,0.804255,0.816327
logreg,235,3,0.829787,0.775510
logreg,235,4,0.834043,0.775510
logreg,235,5,0.842553,0.777027
logreg,235,6,0.855319,0.809524
logreg,235,7,0.851064,0.802721
logreg,235,8,0.868085,0.843537
logreg,235,9,0.834043,0.802721
logreg,352,0,0.821023,0.790541
logreg,352,1,0.821023,0.789116
logreg,352,2,0.829545,0.755102
logreg,352,3,0.818182,0.795918
logreg,352,4,0.840909,0.802721
logreg,352,5,0.840909,0.743243
logreg,352,6,0.821023,0.782313
logreg,352,7,0.835227,0.782313
logreg,352,8,0.818182,0.843537
logreg,352,9,0.823864,0.802721
logreg,470,0,0.831915,0.790541
logreg,470,1,0.834043,0.775510
logreg,470,2,0.797872,0.782313
logreg,470,3,0.823404,0.823129
logreg,470,4,0.838298,0.761905
logreg,470,5,0.834043,0.770270
logreg,470,6,0.825532,0.789116
logreg,470,7,0.829787,0.802721
logreg,470,8,0.823404,0.843537
logreg,470,9,0.819149,0.789116
logreg,588,0,0.811224,0.810811
logreg,588,1,0.826531,0.809524
logreg,588,2,0.824830,0.843537
logreg,588,3,0.826531,0.836735
logreg,588,4,0.823129,0.789116
logreg,588,5,0.828231,0.770270
logreg,588,6,0.826531,0.823129
logreg,588,7,0.823129,0.829932
logreg,588,8,0.836735,0.857143
logreg,588,9,0.826531,0.789116
lda,117,0,0.863248,0.783784
lda,117,1,0.948718,0.755102
lda,117,2,0.846154,0.714286
lda,117,3,0.923077,0.816327
lda,117,4,0.897436,0.755102
lda,117,5,0.905983,0.763514
lda,117,6,0.880342,0.768707
lda,117,7,0.871795,0.755102
lda,117,8,0.880342,0.721088
lda,117,9,0.871795,0.782313
lda,235,0,0.851064,0.770270
lda,235,1,0.842553,0.802721
lda,235,2,0.787234,0.775510
lda,235,3,0.842553,0.795918
lda,235,4,0.829787,0.789116
lda,235,5,0.863830,0.770270
lda,235,6,0.846809,0.795918
lda,235,7,0.851064,0.768707
lda,235,8,0.846809,0.782313
lda,235,9,0.834043,0.809524
lda,352,0,0.821023,0.783784
lda,352,1,0.821023,0.775510
lda,352,2,0.809659,0.748299
lda,352,3,0.818182,0.816327
lda,352,4,0.832386,0.782313
lda,352,5,0.869318,0.783784
lda,352,6,0.823864,0.789116
lda,352,7,0.823864,0.795918
lda,352,8,0.821023,0.802721
lda,352,9,0.823864,0.789116
lda,470,0,0.819149,0.804054
lda,470,1,0.834043,0.768707
lda,470,2,0.812766,0.775510
lda,470,3,0.814894,0.816327
lda,470,4,0.834043,0.789116
lda,470,5,0.842553,0.790541
lda,470,6,0.823404,0.782313
lda,470,7,0.814894,0.775510
lda,470,8,0.827660,0.802721
lda,470,9,0.819149,0.768707
lda,588,0,0.818027,0.790541
lda,588,1,0.829932,0.782313
lda,588,2,0.818027,0.795918
lda,588,3,0.823129,0.816327
lda,588,4,0.819728,0.795918
lda,588,5,0.826531,0.783784
lda,588,6,0.809524,0.843537
lda,588,7,0.804422,0.782313
lda,588,8,0.823129,0.802721
lda,588,9,0.828231,0.775510
knn,117,0,1.000000,0.790541
knn,117,1,0.888889,0.789116
knn,117,2,1.000000,0.727891
knn,117,3,1.000000,0.782313
knn,117,4,0.837607,0.741497
knn,117,5,0.786325,0.770270
knn,117,6,0.846154,0.714286
knn,117,7,0.794872,0.802721
knn,117,8,1.000000,0.727891
knn,117,9,1.000000,0.734694
knn,235,0,1.000000,0.790541
knn,235,1,1.000000,0.802721
knn,235,2,1.000000,0.666667
knn,235,3,1.000000,0.775510
knn,235,4,1.000000,0.768707
knn,235,5,0.889362,0.722973
knn,235,6,1.000000,0.789116
knn,235,7,0.863830,0.809524
knn,235,8,1.000000,0.795918
knn,235,9,1.000000,0.768707
knn,352,0,1.000000,0.763514
knn,352,1,1.000000,0.836735
knn,352,2,1.000000,0.721088
knn,352,3,1.000000,0.789116
knn,352,4,0.823864,0.802721
knn,352,5,1.000000,0.777027
knn,352,6,1.000000,0.768707
knn,352,7,0.863636,0.816327
knn,352,8,1.000000,0.775510
knn,352,9,0.792614,0.782313
knn,470,0,1.000000,0.783784
knn,470,1,0.878723,0.768707
knn,470,2,1.000000,0.775510
knn,470,3,0.817021,0.809524
knn,470,4,0.817021,0.795918
knn,470,5,1.000000,0.770270
knn,470,6,1.000000,0.768707
knn,470,7,1.000000,0.836735
knn,470,8,1.000000,0.782313
knn,470,9,0.810638,0.741497
knn,588,0,1.000000,0.810811
knn,588,1,0.843537,0.809524
knn,588,2,0.901361,0.741497
knn,588,3,0.841837,0.795918
knn,588,4,0.838435,0.816327
knn,588,5,0.840136,0.770270
knn,588,6,1.000000,0.809524
knn,588,7,1.000000,0.829932
knn,588,8,1.000000,0.782313
knn,588,9,0.889456,0.782313
svm_rbf,117,0,0.914530,0.810811
svm_rbf,117,1,0.931624,0.802721
svm_rbf,117,2,0.957265,0.727891
svm_rbf,117,3,0.888889,0.823129
svm_rbf,117,4,0.863248,0.721088
svm_rbf,117,5,0.905983,0.729730
svm_rbf,117,6,0.957265,0.768707
svm_rbf,117,7,0.948718,0.789116
svm_rbf,117,8,0.905983,0.809524
svm_rbf,117,9,0.846154,0.727891
svm_rbf,235,0,0.868085,0.824324
svm_rbf,235,1,0.846809,0.816327
svm_rbf,235,2,1.000000,0.700680
svm_rbf,235,3,0.846809,0.816327
svm_rbf,235,4,0.859574,0.761905
svm_rbf,235,5,0.855319,0.756757
svm_rbf,235,6,0.923404,0.795918
svm_rbf,235,7,0.885106,0.789116
svm_rbf,235,8,0.868085,0.809524
svm_rbf,235,9,0.846809,0.809524
svm_rbf,352,0,0.860795,0.804054
svm_rbf,352,1,0.846591,0.782313
svm_rbf,352,2,0.977273,0.748299
svm_rbf,352,3,0.826705,0.836735
svm_rbf,352,4,0.860795,0.775510
svm_rbf,352,5,0.857955,0.783784
svm_rbf,352,6,0.829545,0.809524
svm_rbf,352,7,1.000000,0.789116
svm_rbf,352,8,0.892045,0.795918
svm_rbf,352,9,0.806818,0.782313
svm_rbf,470,0,0.851064,0.804054
svm_rbf,470,1,0.846809,0.795918
svm_rbf,470,2,0.806383,0.823129
svm_rbf,470,3,0.823404,0.809524
svm_rbf,470,4,0.897872,0.809524
svm_rbf,470,5,0.861702,0.790541
svm_rbf,470,6,0.902128,0.816327
svm_rbf,470,7,0.897872,0.809524
svm_rbf,470,8,0.897872,0.789116
svm_rbf,470,9,0.825532,0.816327
svm_rbf,588,0,0.829932,0.824324
svm_rbf,588,1,0.840136,0.782313
svm_rbf,588,2,0.887755,0.823129
svm_rbf,588,3,0.829932,0.850340
svm_rbf,588,4,0.892857,0.802721
svm_rbf,588,5,0.965986,0.797297
svm_rbf,588,6,0.846939,0.829932
svm_rbf,588,7,0.965986,0.782313
svm_rbf,588,8,0.833333,0.836735
svm_rbf,588,9,0.828231,0.809524
rf,117,0,0.948718,0.810811
rf,117,1,0.923077,0.795918
rf,117,2,1.000000,0.741497
rf,117,3,0.923077,0.816327
rf,117,4,0.965812,0.748299
rf,117,5,0.965812,0.763514
rf,117,6,1.000000,0.829932
rf,117,7,1.000000,0.789116
rf,117,8,1.000000,0.823129
rf,117,9,0.871795,0.748299
rf,235,0,0.970213,0.817568
rf,235,1,1.000000,0.843537
rf,235,2,1.000000,0.802721
rf,235,3,0.885106,0.809524
rf,235,4,0.897872,0.768707
rf,235,5,1.000000,0.783784
rf,235,6,1.000000,0.850340
rf,235,7,1.000000,0.823129
rf,235,8,0.982979,0.843537
rf,235,9,0.948936,0.809524
rf,352,0,1.000000,0.831081
rf,352,1,0.877841,0.863946
rf,352,2,1.000000,0.809524
rf,352,3,1.000000,0.863946
rf,352,4,0.954545,0.782313
rf,352,5,1.000000,0.790541
rf,352,6,1.000000,0.836735
rf,352,7,1.000000,0.802721
rf,352,8,1.000000,0.816327
rf,352,9,0.875000,0.761905
rf,470,0,1.000000,0.817568
rf,470,1,0.961702,0.850340
rf,470,2,1.000000,0.843537
rf,470,3,0.951064,0.843537
rf,470,4,1.000000,0.789116
rf,470,5,1.000000,0.783784
rf,470,6,1.000000,0.836735
rf,470,7,1.000000,0.809524
rf,470,8,0.961702,0.850340
rf,470,9,1.000000,0.816327
rf,588,0,1.000000,0.831081
rf,588,1,0.969388,0.843537
rf,588,2,0.971088,0.850340
rf,588,3,1.000000,0.857143
rf,588,4,0.967687,0.768707
rf,588,5,0.960884,0.783784
rf,588,6,0.964286,0.857143
rf,588,7,0.969388,0.823129
rf,588,8,0.960884,0.836735
rf,588,9,1.000000,0.829932
boosting,117,0,0.905983,0.790541
boosting,117,1,0.957265,0.782313
boosting,117,2,1.000000,0.741497
boosting,117,3,0.957265,0.809524
boosting,117,4,1.000000,0.782313
boosting,117,5,1.000000,0.770270
boosting,117,6,1.000000,0.802721
boosting,117,7,1.000000,0.795918
boosting,117,8,1.000000,0.761905
boosting,117,9,0.897436,0.727891
boosting,235,0,0.906383,0.797297
boosting,235,1,0.944681,0.829932
boosting,235,2,1.000000,0.816327
boosting,235,3,0.906383,0.829932
boosting,235,4,0.889362,0.775510
boosting,235,5,0.965957,0.790541
boosting,235,6,0.948936,0.829932
boosting,235,7,1.000000,0.816327
boosting,235,8,0.931915,0.809524
boosting,235,9,0.961702,0.775510
boosting,352,0,0.920455,0.851351
boosting,352,1,1.000000,0.836735
boosting,352,2,0.923295,0.789116
boosting,352,3,0.869318,0.850340
boosting,352,4,0.886364,0.782313
boosting,352,5,0.982955,0.810811
boosting,352,6,1.000000,0.802721
boosting,352,7,0.937500,0.795918
boosting,352,8,0.977273,0.795918
boosting,352,9,0.940341,0.789116
boosting,470,0,1.000000,0.837838
boosting,470,1,1.000000,0.843537
boosting,470,2,0.855319,0.795918
boosting,470,3,0.982979,0.829932
boosting,470,4,0.891489,0.782313
boosting,470,5,1.000000,0.810811
boosting,470,6,1.000000,0.829932
boosting,470,7,0.989362,0.795918
boosting,470,8,1.000000,0.809524
boosting,470,9,1.000000,0.795918
boosting,588,0,0.869048,0.844595
boosting,588,1,0.913265,0.843537
boosting,588,2,0.892857,0.816327
boosting,588,3,0.886054,0.836735
boosting,588,4,0.916667,0.775510
boosting,588,5,0.909864,0.797297
boosting,588,6,1.000000,0.823129
boosting,588,7,1.000000,0.789116
boosting,588,8,0.901361,0.823129
boosting,588,9,0.889456,0.802721
