method,split,feature,importance
logreg,0,acousticness,0.032432
logreg,0,danceability,0.008108
logreg,0,duration,-0.003378
logreg,0,energy,0.031081
logreg,0,instrumentalness,0.001351
logreg,0,liveness,0.003378
logreg,0,loudness,0.022297
logreg,0,speechiness,0.092568
logreg,0,tempo,0.000676
logreg,0,valence,0.000676
logreg,0,key,0.004054
logreg,0,mode,0.001351
logreg,0,time_signature,0.000000
logreg,1,acousticness,0.045578
logreg,1,danceability,0.049660
logreg,1,duration,0.021088
logreg,1,energy,0.046259
logreg,1,instrumentalness,0.010204
logreg,1,liveness,0.008844
logreg,1,loudness,0.036054
logreg,1,speechiness,0.113605
logreg,1,tempo,0.000000
logreg,1,valence,-0.003401
logreg,1,key,0.008844
logreg,1,mode,0.000000
logreg,1,time_signature,0.000000
logreg,2,acousticness,0.070068
logreg,2,danceability,0.050340
logreg,2,duration,0.019728
logreg,2,energy,0.061905
logreg,2,instrumentalness,0.005442
logreg,2,liveness,0.011565
logreg,2,loudness,0.048299
logreg,2,speechiness,0.109524
logreg,2,tempo,0.001361
logreg,2,valence,0.006122
logreg,2,key,0.008844
logreg,2,mode,0.000000
logreg,2,time_signature,-0.001361
logreg,3,acousticness,0.034694
logreg,3,danceability,0.034014
logreg,3,duration,0.024490
logreg,3,energy,0.029932
logreg,3,instrumentalness,0.018367
logreg,3,liveness,0.012245
logreg,3,loudness,0.036735
logreg,3,speechiness,0.075510
logreg,3,tempo,0.006122
logreg,3,valence,0.002041
logreg,3,key,0.014286
logreg,3,mode,0.000000
logreg,3,time_signature,0.000680
logreg,4,acousticness,0.022449
logreg,4,danceability,0.001361
logreg,4,duration,0.012245
logreg,4,energy,0.018367
logreg,4,instrumentalness,0.007483
logreg,4,liveness,0.000000
logreg,4,loudness,0.023129
logreg,4,speechiness,0.074150
logreg,4,tempo,0.010884
logreg,4,valence,-0.007483
logreg,4,key,0.004762
logreg,4,mode,0.000000
logreg,4,time_signature,-0.000680
logreg,5,acousticness,0.025676
logreg,5,danceability,0.003378
logreg,5,duration,-0.004054
logreg,5,energy,0.006081
logreg,5,instrumentalness,0.000000
logreg,5,liveness,0.004054
logreg,5,loudness,0.007432
logreg,5,speechiness,0.075000
logreg,5,tempo,0.000000
logreg,5,valence,-0.012838
logreg,5,key,-0.008108
logreg,5,mode,-0.008784
logreg,5,time_signature,-0.001351
logreg,6,acousticness,0.057143
logreg,6,danceability,0.047619
logreg,6,duration,0.006803
logreg,6,energy,0.044898
logreg,6,instrumentalness,0.001361
logreg,6,liveness,-0.002041
logreg,6,loudness,0.046939
logreg,6,speechiness,0.103401
logreg,6,tempo,0.002721
logreg,6,valence,-0.002041
logreg,6,key,0.002721
logreg,6,mode,0.000000
logreg,6,time_signature,0.000680
logreg,7,acousticness,0.049660
logreg,7,danceability,0.044218
logreg,7,duration,0.012925
logreg,7,energy,0.038095
logreg,7,instrumentalness,0.001361
logreg,7,liveness,0.019728
logreg,7,loudness,0.026531
logreg,7,speechiness,0.162585
logreg,7,tempo,0.003401
logreg,7,valence,0.003401
logreg,7,key,-0.002721
logreg,7,mode,0.003401
logreg,7,time_signature,0.000000
logreg,8,acousticness,0.036735
logreg,8,danceability,0.052381
logreg,8,duration,0.029252
logreg,8,energy,0.039456
logreg,8,instrumentalness,0.010884
logreg,8,liveness,-0.006803
logreg,8,loudness,0.052381
logreg,8,speechiness,0.117007
logreg,8,tempo,-0.003401
logreg,8,valence,0.000000
logreg,8,key,0.008163
logreg,8,mode,0.000000
logreg,8,time_signature,0.000000
logreg,9,acousticness,0.029932
logreg,9,danceability,-0.002721
logreg,9,duration,-0.005442
logreg,9,energy,0.023129
logreg,9,instrumentalness,0.000680
logreg,9,liveness,0.011565
logreg,9,loudness,0.017687
logreg,9,speechiness,0.053741
logreg,9,tempo,-0.013605
logreg,9,valence,0.002721
logreg,9,key,-0.008163
logreg,9,mode,0.001361
logreg,9,time_signature,-0.000680
lda,0,acousticness,0.035135
lda,0,danceability,0.006081
lda,0,duration,-0.006757
lda,0,energy,0.020270
lda,0,instrumentalness,0.010811
lda,0,liveness,0.000000
lda,0,loudness,-0.003378
lda,0,speechiness,0.097973
lda,0,tempo,-0.016892
lda,0,valence,-0.000676
lda,0,key,-0.012838
lda,0,mode,-0.004054
lda,0,time_signature,-0.007432
lda,1,acousticness,0.034014
lda,1,danceability,0.021088
lda,1,duration,0.002721
lda,1,energy,0.034014
lda,1,instrumentalness,-0.000680
lda,1,liveness,-0.003401
lda,1,loudness,0.008163
lda,1,speechiness,0.121769
lda,1,tempo,-0.011565
lda,1,valence,-0.018367
lda,1,key,0.003401
lda,1,mode,0.006122
lda,1,time_signature,0.010884
lda,2,acousticness,0.042857
lda,2,danceability,0.021088
lda,2,duration,0.012245
lda,2,energy,0.040816
lda,2,instrumentalness,-0.008163
lda,2,liveness,0.001361
lda,2,loudness,0.014286
lda,2,speechiness,0.133333
lda,2,tempo,-0.008163
lda,2,valence,0.000000
lda,2,key,0.006803
lda,2,mode,-0.002041
lda,2,time_signature,-0.001361
lda,3,acousticness,-0.004082
lda,3,danceability,-0.016327
lda,3,duration,-0.018367
lda,3,energy,-0.010204
lda,3,instrumentalness,0.001361
lda,3,liveness,-0.015646
lda,3,loudness,-0.017687
lda,3,speechiness,0.059864
lda,3,tempo,-0.019048
lda,3,valence,-0.021088
lda,3,key,-0.031973
lda,3,mode,-0.007483
lda,3,time_signature,-0.002721
lda,4,acousticness,0.023129
lda,4,danceability,0.006803
lda,4,duration,0.000680
lda,4,energy,0.010884
lda,4,instrumentalness,0.012245
lda,4,liveness,-0.004082
lda,4,loudness,0.007483
lda,4,speechiness,0.096599
lda,4,tempo,0.019048
lda,4,valence,0.002721
lda,4,key,0.021088
lda,4,mode,0.000000
lda,4,time_signature,-0.000680
lda,5,acousticness,0.008784
lda,5,danceability,0.008784
lda,5,duration,0.009459
lda,5,energy,-0.007432
lda,5,instrumentalness,0.016892
lda,5,liveness,0.002027
lda,5,loudness,-0.000676
lda,5,speechiness,0.083108
lda,5,tempo,0.015541
lda,5,valence,0.000000
lda,5,key,-0.010135
lda,5,mode,0.008108
lda,5,time_signature,0.008784
lda,6,acousticness,0.069388
lda,6,danceability,0.038095
lda,6,duration,0.003401
lda,6,energy,0.050340
lda,6,instrumentalness,0.000000
lda,6,liveness,0.000000
lda,6,loudness,0.004082
lda,6,speechiness,0.151020
lda,6,tempo,0.008844
lda,6,valence,0.001361
lda,6,key,0.031293
lda,6,mode,-0.005442
lda,6,time_signature,0.012245
lda,7,acousticness,0.030612
lda,7,danceability,0.028571
lda,7,duration,0.008163
lda,7,energy,0.023129
lda,7,instrumentalness,-0.001361
lda,7,liveness,0.010204
lda,7,loudness,0.013605
lda,7,speechiness,0.172109
lda,7,tempo,0.000000
lda,7,valence,0.006122
lda,7,key,-0.022449
lda,7,mode,-0.007483
lda,7,time_signature,-0.003401
lda,8,acousticness,0.025850
lda,8,danceability,0.023129
lda,8,duration,0.004762
lda,8,energy,0.022449
lda,8,instrumentalness,0.013605
lda,8,liveness,0.003401
lda,8,loudness,0.007483
lda,8,speechiness,0.141497
lda,8,tempo,0.000000
lda,8,valence,0.000680
lda,8,key,0.006122
lda,8,mode,-0.001361
lda,8,time_signature,-0.002041
lda,9,acousticness,0.014966
lda,9,danceability,-0.010884
lda,9,duration,-0.008844
lda,9,energy,0.008844
lda,9,instrumentalness,-0.001361
lda,9,liveness,0.004082
lda,9,loudness,0.001361
lda,9,speechiness,0.077551
lda,9,tempo,-0.016327
lda,9,valence,-0.013605
lda,9,key,-0.012925
lda,9,mode,-0.004762
lda,9,time_signature,0.000000
knn,0,acousticness,0.035811
knn,0,danceability,0.026351
knn,0,duration,0.006757
knn,0,energy,0.027703
knn,0,instrumentalness,0.014865
knn,0,liveness,-0.008784
knn,0,loudness,0.012162
knn,0,speechiness,0.091892
knn,0,tempo,-0.000676
knn,0,valence,0.005405
knn,0,key,-0.015541
knn,0,mode,-0.004730
knn,0,time_signature,0.000000
knn,1,acousticness,0.043537
knn,1,danceability,0.050340
knn,1,duration,0.025170
knn,1,energy,0.049660
knn,1,instrumentalness,0.008163
knn,1,liveness,0.022449
knn,1,loudness,0.045578
knn,1,speechiness,0.087755
knn,1,tempo,0.023810
knn,1,valence,0.004082
knn,1,key,0.021769
knn,1,mode,0.009524
knn,1,time_signature,0.007483
knn,2,acousticness,0.018367
knn,2,danceability,0.010204
knn,2,duration,0.004082
knn,2,energy,0.001361
knn,2,instrumentalness,-0.003401
knn,2,liveness,0.004762
knn,2,loudness,0.031973
knn,2,speechiness,0.063946
knn,2,tempo,-0.014286
knn,2,valence,-0.028571
knn,2,key,0.006122
knn,2,mode,-0.005442
knn,2,time_signature,-0.011565
knn,3,acousticness,0.010884
knn,3,danceability,0.037415
knn,3,duration,-0.008163
knn,3,energy,0.008163
knn,3,instrumentalness,-0.001361
knn,3,liveness,-0.012245
knn,3,loudness,0.031973
knn,3,speechiness,0.072789
knn,3,tempo,0.005442
knn,3,valence,0.001361
knn,3,key,0.002041
knn,3,mode,0.007483
knn,3,time_signature,0.000000
knn,4,acousticness,0.039456
knn,4,danceability,0.034694
knn,4,duration,0.027211
knn,4,energy,0.044898
knn,4,instrumentalness,0.012245
knn,4,liveness,0.057823
knn,4,loudness,0.053741
knn,4,speechiness,0.108844
knn,4,tempo,0.016327
knn,4,valence,0.007483
knn,4,key,0.025850
knn,4,mode,0.005442
knn,4,time_signature,0.000000
knn,5,acousticness,0.041892
knn,5,danceability,0.087838
knn,5,duration,0.006081
knn,5,energy,0.039189
knn,5,instrumentalness,0.019595
knn,5,liveness,0.001351
knn,5,loudness,0.042568
knn,5,speechiness,0.125000
knn,5,tempo,0.021622
knn,5,valence,0.013514
knn,5,key,0.008784
knn,5,mode,0.009459
knn,5,time_signature,0.000000
knn,6,acousticness,0.064626
knn,6,danceability,0.055782
knn,6,duration,0.029252
knn,6,energy,0.046259
knn,6,instrumentalness,0.020408
knn,6,liveness,0.019048
knn,6,loudness,0.053741
knn,6,speechiness,0.112925
knn,6,tempo,0.012925
knn,6,valence,0.023129
knn,6,key,0.021088
knn,6,mode,0.005442
knn,6,time_signature,-0.002041
knn,7,acousticness,0.059864
knn,7,danceability,0.034694
knn,7,duration,0.008163
knn,7,energy,0.011565
knn,7,instrumentalness,0.006803
knn,7,liveness,0.028571
knn,7,loudness,0.021088
knn,7,speechiness,0.110204
knn,7,tempo,-0.004762
knn,7,valence,0.009524
knn,7,key,-0.001361
knn,7,mode,0.027211
knn,7,time_signature,0.008844
knn,8,acousticness,0.023129
knn,8,danceability,0.036735
knn,8,duration,-0.002041
knn,8,energy,0.005442
knn,8,instrumentalness,0.004762
knn,8,liveness,0.002721
knn,8,loudness,0.007483
knn,8,speechiness,0.103401
knn,8,tempo,-0.025850
knn,8,valence,-0.030612
knn,8,key,-0.023810
knn,8,mode,-0.009524
knn,8,time_signature,0.006122
knn,9,acousticness,0.053061
knn,9,danceability,0.037415
knn,9,duration,0.028571
knn,9,energy,0.063946
knn,9,instrumentalness,0.017687
knn,9,liveness,0.025170
knn,9,loudness,0.055782
knn,9,speechiness,0.058503
knn,9,tempo,0.029932
knn,9,valence,0.031293
knn,9,key,0.023129
knn,9,mode,0.013605
knn,9,time_signature,0.002721
svm_rbf,0,acousticness,0.036486
svm_rbf,0,danceability,0.020946
svm_rbf,0,duration,0.001351
svm_rbf,0,energy,0.020946
svm_rbf,0,instrumentalness,-0.001351
svm_rbf,0,liveness,0.007432
svm_rbf,0,loudness,0.014189
svm_rbf,0,speechiness,0.108784
svm_rbf,0,tempo,-0.002027
svm_rbf,0,valence,0.004054
svm_rbf,0,key,0.002027
svm_rbf,0,mode,0.000676
svm_rbf,0,time_signature,0.006081
svm_rbf,1,acousticness,0.027211
svm_rbf,1,danceability,0.018367
svm_rbf,1,duration,0.002721
svm_rbf,1,energy,0.021088
svm_rbf,1,instrumentalness,0.002041
svm_rbf,1,liveness,0.001361
svm_rbf,1,loudness,0.019048
svm_rbf,1,speechiness,0.098639
svm_rbf,1,tempo,-0.002721
svm_rbf,1,valence,-0.020408
svm_rbf,1,key,-0.002041
svm_rbf,1,mode,-0.003401
svm_rbf,1,time_signature,-0.001361
svm_rbf,2,acousticness,0.036735
svm_rbf,2,danceability,0.027211
svm_rbf,2,duration,0.010884
svm_rbf,2,energy,0.022449
svm_rbf,2,instrumentalness,-0.006803
svm_rbf,2,liveness,0.005442
svm_rbf,2,loudness,0.038095
svm_rbf,2,speechiness,0.087755
svm_rbf,2,tempo,-0.004762
svm_rbf,2,valence,-0.008163
svm_rbf,2,key,-0.015646
svm_rbf,2,mode,0.012925
svm_rbf,2,time_signature,0.001361
svm_rbf,3,acousticness,0.032653
svm_rbf,3,danceability,0.034694
svm_rbf,3,duration,0.011565
svm_rbf,3,energy,0.017687
svm_rbf,3,instrumentalness,0.009524
svm_rbf,3,liveness,0.004762
svm_rbf,3,loudness,0.036735
svm_rbf,3,speechiness,0.073469
svm_rbf,3,tempo,0.001361
svm_rbf,3,valence,0.006803
svm_rbf,3,key,0.003401
svm_rbf,3,mode,-0.005442
svm_rbf,3,time_signature,0.000680
svm_rbf,4,acousticness,0.015646
svm_rbf,4,danceability,0.001361
svm_rbf,4,duration,0.023129
svm_rbf,4,energy,0.000680
svm_rbf,4,instrumentalness,0.014966
svm_rbf,4,liveness,-0.008844
svm_rbf,4,loudness,0.025170
svm_rbf,4,speechiness,0.069388
svm_rbf,4,tempo,0.018367
svm_rbf,4,valence,0.011565
svm_rbf,4,key,0.008163
svm_rbf,4,mode,-0.003401
svm_rbf,4,time_signature,-0.000680
svm_rbf,5,acousticness,0.000676
svm_rbf,5,danceability,0.007432
svm_rbf,5,duration,0.008108
svm_rbf,5,energy,-0.022297
svm_rbf,5,instrumentalness,0.012838
svm_rbf,5,liveness,-0.000000
svm_rbf,5,loudness,-0.003378
svm_rbf,5,speechiness,0.076351
svm_rbf,5,tempo,0.003378
svm_rbf,5,valence,-0.002703
svm_rbf,5,key,-0.012162
svm_rbf,5,mode,-0.010135
svm_rbf,5,time_signature,0.000000
svm_rbf,6,acousticness,0.060544
svm_rbf,6,danceability,0.034014
svm_rbf,6,duration,-0.001361
svm_rbf,6,energy,0.015646
svm_rbf,6,instrumentalness,0.004082
svm_rbf,6,liveness,-0.012925
svm_rbf,6,loudness,0.032653
svm_rbf,6,speechiness,0.127891
svm_rbf,6,tempo,-0.003401
svm_rbf,6,valence,0.002721
svm_rbf,6,key,0.004082
svm_rbf,6,mode,-0.002721
svm_rbf,6,time_signature,0.000000
svm_rbf,7,acousticness,0.012925
svm_rbf,7,danceability,0.017007
svm_rbf,7,duration,-0.010204
svm_rbf,7,energy,0.003401
svm_rbf,7,instrumentalness,0.008844
svm_rbf,7,liveness,0.002041
svm_rbf,7,loudness,0.001361
svm_rbf,7,speechiness,0.126531
svm_rbf,7,tempo,-0.014286
svm_rbf,7,valence,0.007483
svm_rbf,7,key,-0.030612
svm_rbf,7,mode,-0.004082
svm_rbf,7,time_signature,-0.002041
svm_rbf,8,acousticness,0.028571
svm_rbf,8,danceability,0.025850
svm_rbf,8,duration,-0.012245
svm_rbf,8,energy,-0.005442
svm_rbf,8,instrumentalness,0.002721
svm_rbf,8,liveness,-0.002721
svm_rbf,8,loudness,0.025850
svm_rbf,8,speechiness,0.093878
svm_rbf,8,tempo,-0.015646
svm_rbf,8,valence,-0.025850
svm_rbf,8,key,-0.016327
svm_rbf,8,mode,-0.005442
svm_rbf,8,time_signature,-0.005442
svm_rbf,9,acousticness,0.034694
svm_rbf,9,danceability,0.024490
svm_rbf,9,duration,0.003401
svm_rbf,9,energy,0.029252
svm_rbf,9,instrumentalness,0.007483
svm_rbf,9,liveness,0.025850
svm_rbf,9,loudness,0.032653
svm_rbf,9,speechiness,0.074830
svm_rbf,9,tempo,-0.008163
svm_rbf,9,valence,-0.004082
svm_rbf,9,key,0.010204
svm_rbf,9,mode,-0.006122
svm_rbf,9,time_signature,0.001361
rf,0,acousticness,0.041892
rf,0,danceability,0.010135
rf,0,duration,-0.012838
rf,0,energy,0.010811
rf,0,instrumentalness,0.002703
rf,0,liveness,0.002027
rf,0,loudness,0.014865
rf,0,speechiness,0.083784
rf,0,tempo,-0.004730
rf,0,valence,0.005405
rf,0,key,0.004730
rf,0,mode,0.000000
rf,0,time_signature,0.000000
rf,1,acousticness,0.029932
rf,1,danceability,0.006803
rf,1,duration,0.007483
rf,1,energy,0.010884
rf,1,instrumentalness,0.004082
rf,1,liveness,-0.012245
rf,1,loudness,0.030612
rf,1,speechiness,0.115646
rf,1,tempo,0.009524
rf,1,valence,0.000000
rf,1,key,-0.005442
rf,1,mode,0.001361
rf,1,time_signature,0.000680
rf,2,acousticness,0.064626
rf,2,danceability,0.021769
rf,2,duration,0.009524
rf,2,energy,0.014286
rf,2,instrumentalness,-0.001361
rf,2,liveness,0.005442
rf,2,loudness,0.053061
rf,2,speechiness,0.140816
rf,2,tempo,0.005442
rf,2,valence,0.005442
rf,2,key,0.002721
rf,2,mode,-0.001361
rf,2,time_signature,0.000000
rf,3,acousticness,0.011565
rf,3,danceability,0.002721
rf,3,duration,-0.008163
rf,3,energy,0.006803
rf,3,instrumentalness,-0.002041
rf,3,liveness,-0.003401
rf,3,loudness,0.029252
rf,3,speechiness,0.093878
rf,3,tempo,-0.004082
rf,3,valence,-0.006122
rf,3,key,-0.002721
rf,3,mode,0.000000
rf,3,time_signature,-0.006122
rf,4,acousticness,0.028571
rf,4,danceability,0.029252
rf,4,duration,0.024490
rf,4,energy,0.015646
rf,4,instrumentalness,0.002721
rf,4,liveness,0.008844
rf,4,loudness,0.030612
rf,4,speechiness,0.092517
rf,4,tempo,0.017007
rf,4,valence,0.018367
rf,4,key,0.012925
rf,4,mode,0.006122
rf,4,time_signature,0.007483
rf,5,acousticness,0.010135
rf,5,danceability,0.010135
rf,5,duration,0.010135
rf,5,energy,-0.014865
rf,5,instrumentalness,-0.006757
rf,5,liveness,0.001351
rf,5,loudness,-0.004054
rf,5,speechiness,0.057432
rf,5,tempo,0.004054
rf,5,valence,-0.001351
rf,5,key,-0.014189
rf,5,mode,0.000676
rf,5,time_signature,-0.007432
rf,6,acousticness,0.010884
rf,6,danceability,0.014286
rf,6,duration,-0.002041
rf,6,energy,0.001361
rf,6,instrumentalness,-0.010204
rf,6,liveness,-0.005442
rf,6,loudness,0.011565
rf,6,speechiness,0.095238
rf,6,tempo,-0.010884
rf,6,valence,-0.009524
rf,6,key,-0.003401
rf,6,mode,-0.003401
rf,6,time_signature,0.000680
rf,7,acousticness,0.019728
rf,7,danceability,0.007483
rf,7,duration,0.017687
rf,7,energy,0.021769
rf,7,instrumentalness,-0.000680
rf,7,liveness,0.008163
rf,7,loudness,0.038776
rf,7,speechiness,0.140136
rf,7,tempo,-0.004762
rf,7,valence,0.008844
rf,7,key,0.004762
rf,7,mode,0.000000
rf,7,time_signature,0.000000
rf,8,acousticness,0.035374
rf,8,danceability,0.000000
rf,8,duration,0.000000
rf,8,energy,0.014966
rf,8,instrumentalness,0.004082
rf,8,liveness,-0.002721
rf,8,loudness,0.049660
rf,8,speechiness,0.101361
rf,8,tempo,0.006122
rf,8,valence,-0.000680
rf,8,key,-0.003401
rf,8,mode,0.000000
rf,8,time_signature,0.000000
rf,9,acousticness,0.019048
rf,9,danceability,0.007483
rf,9,duration,0.011565
rf,9,energy,0.030612
rf,9,instrumentalness,-0.004082
rf,9,liveness,0.004082
rf,9,loudness,0.024490
rf,9,speechiness,0.057143
rf,9,tempo,-0.002721
rf,9,valence,0.014286
rf,9,key,0.001361
rf,9,mode,-0.008163
rf,9,time_signature,0.000000
boosting,0,acousticness,0.045270
boosting,0,danceability,-0.005405
boosting,0,duration,-0.004054
boosting,0,energy,0.014865
boosting,0,instrumentalness,-0.003378
boosting,0,liveness,-0.000676
boosting,0,loudness,0.041892
boosting,0,speechiness,0.112162
boosting,0,tempo,-0.000676
boosting,0,valence,0.001351
boosting,0,key,0.006757
boosting,0,mode,0.000000
boosting,0,time_signature,0.000000
boosting,1,acousticness,0.036054
boosting,1,danceability,0.028571
boosting,1,duration,-0.004762
boosting,1,energy,0.006803
boosting,1,instrumentalness,-0.007483
boosting,1,liveness,0.006803
boosting,1,loudness,0.043537
boosting,1,speechiness,0.110204
boosting,1,tempo,0.002041
boosting,1,valence,-0.010204
boosting,1,key,0.006803
boosting,1,mode,0.000000
boosting,1,time_signature,0.000000
boosting,2,acousticness,0.055102
boosting,2,danceability,0.038776
boosting,2,duration,0.015646
boosting,2,energy,-0.002041
boosting,2,instrumentalness,0.015646
boosting,2,liveness,-0.003401
boosting,2,loudness,0.048299
boosting,2,speechiness,0.112925
boosting,2,tempo,0.019728
boosting,2,valence,0.003401
boosting,2,key,-0.000680
boosting,2,mode,0.005442
boosting,2,time_signature,0.000000
boosting,3,acousticness,0.031293
boosting,3,danceability,0.031293
boosting,3,duration,0.006803
boosting,3,energy,0.012925
boosting,3,instrumentalness,0.012245
boosting,3,liveness,0.008163
boosting,3,loudness,0.031293
boosting,3,speechiness,0.122449
boosting,3,tempo,0.005442
boosting,3,valence,0.005442
boosting,3,key,-0.000680
boosting,3,mode,0.000000
boosting,3,time_signature,0.000000
boosting,4,acousticness,0.015646
boosting,4,danceability,-0.015646
boosting,4,duration,0.005442
boosting,4,energy,0.008163
boosting,4,instrumentalness,0.003401
boosting,4,liveness,-0.019048
boosting,4,loudness,0.017687
boosting,4,speechiness,0.070068
boosting,4,tempo,-0.004762
boosting,4,valence,-0.002041
boosting,4,key,-0.004762
boosting,4,mode,0.000000
boosting,4,time_signature,0.000000
boosting,5,acousticness,0.009459
boosting,5,danceability,0.018243
boosting,5,duration,0.001351
boosting,5,energy,-0.019595
boosting,5,instrumentalness,-0.012838
boosting,5,liveness,-0.009459
boosting,5,loudness,0.004730
boosting,5,speechiness,0.053378
boosting,5,tempo,-0.000676
boosting,5,valence,-0.002703
boosting,5,key,-0.016892
boosting,5,mode,0.000000
boosting,5,time_signature,-0.000676
boosting,6,acousticness,0.034014
boosting,6,danceability,0.025170
boosting,6,duration,0.009524
boosting,6,energy,0.009524
boosting,6,instrumentalness,-0.008163
boosting,6,liveness,-0.016327
boosting,6,loudness,0.008163
boosting,6,speechiness,0.078912
boosting,6,tempo,0.002721
boosting,6,valence,0.000680
boosting,6,key,0.002041
boosting,6,mode,0.000000
boosting,6,time_signature,0.000000
boosting,7,acousticness,0.022449
boosting,7,danceability,0.016327
boosting,7,duration,0.008844
boosting,7,energy,0.008163
boosting,7,instrumentalness,0.012925
boosting,7,liveness,0.007483
boosting,7,loudness,0.039456
boosting,7,speechiness,0.155782
boosting,7,tempo,-0.002721
boosting,7,valence,-0.002721
boosting,7,key,-0.002041
boosting,7,mode,0.000000
boosting,7,time_signature,0.000000
boosting,8,acousticness,0.027891
boosting,8,danceability,-0.001361
boosting,8,duration,-0.010204
boosting,8,energy,0.002041
boosting,8,instrumentalness,0.006122
boosting,8,liveness,-0.002721
boosting,8,loudness,0.044898
boosting,8,speechiness,0.098639
boosting,8,tempo,-0.001361
boosting,8,valence,-0.008844
boosting,8,key,-0.003401
boosting,8,mode,0.000000
boosting,8,time_signature,0.000000
boosting,9,acousticness,0.040136
boosting,9,danceability,-0.010884
boosting,9,duration,0.012245
boosting,9,energy,0.013605
boosting,9,instrumentalness,-0.003401
boosting,9,liveness,0.016327
boosting,9,loudness,0.052381
boosting,9,speechiness,0.077551
boosting,9,tempo,0.004762
boosting,9,valence,0.005442
boosting,9,key,-0.001361
boosting,9,mode,0.000000
boosting,9,time_signature,0.000000
