method,repeat,fold,neg_cost,accuracy,balanced_accuracy,roc_auc,params
dummy,0,0,-1.500000,0.700000,0.500000,0.500000,{}
dummy,0,1,-1.500000,0.700000,0.500000,0.500000,{}
dummy,0,2,-1.500000,0.700000,0.500000,0.500000,{}
dummy,0,3,-1.500000,0.700000,0.500000,0.500000,{}
dummy,0,4,-1.500000,0.700000,0.500000,0.500000,{}
dummy,1,0,-1.500000,0.700000,0.500000,0.500000,{}
dummy,1,1,-1.500000,0.700000,0.500000,0.500000,{}
dummy,1,2,-1.500000,0.700000,0.500000,0.500000,{}
dummy,1,3,-1.500000,0.700000,0.500000,0.500000,{}
dummy,1,4,-1.500000,0.700000,0.500000,0.500000,{}
dummy,2,0,-1.500000,0.700000,0.500000,0.500000,{}
dummy,2,1,-1.500000,0.700000,0.500000,0.500000,{}
dummy,2,2,-1.500000,0.700000,0.500000,0.500000,{}
dummy,2,3,-1.500000,0.700000,0.500000,0.500000,{}
dummy,2,4,-1.500000,0.700000,0.500000,0.500000,{}
dummy,3,0,-1.500000,0.700000,0.500000,0.500000,{}
dummy,3,1,-1.500000,0.700000,0.500000,0.500000,{}
dummy,3,2,-1.500000,0.700000,0.500000,0.500000,{}
dummy,3,3,-1.500000,0.700000,0.500000,0.500000,{}
dummy,3,4,-1.500000,0.700000,0.500000,0.500000,{}
dummy,4,0,-1.500000,0.700000,0.500000,0.500000,{}
dummy,4,1,-1.500000,0.700000,0.500000,0.500000,{}
dummy,4,2,-1.500000,0.700000,0.500000,0.500000,{}
dummy,4,3,-1.500000,0.700000,0.500000,0.500000,{}
dummy,4,4,-1.500000,0.700000,0.500000,0.500000,{}
logreg,0,0,-0.810000,0.770000,0.697619,0.789167,"{""C"": 1000.0}"
logreg,0,1,-0.940000,0.720000,0.642857,0.747619,"{""C"": 1.0}"
logreg,0,2,-1.015000,0.745000,0.636905,0.787024,"{""C"": 100.0}"
logreg,0,3,-0.955000,0.725000,0.641667,0.741786,"{""C"": 3.1622776601683795}"
logreg,0,4,-0.665000,0.815000,0.753571,0.813571,"{""C"": 10.0}"
logreg,1,0,-0.650000,0.790000,0.745238,0.819405,"{""C"": 31.622776601683793}"
logreg,1,1,-0.860000,0.740000,0.671429,0.776905,"{""C"": 10.0}"
logreg,1,2,-1.015000,0.725000,0.627381,0.734762,"{""C"": 1.0}"
logreg,1,3,-0.945000,0.755000,0.658333,0.818810,"{""C"": 3.1622776601683795}"
logreg,1,4,-0.820000,0.760000,0.690476,0.793810,"{""C"": 1.0}"
logreg,2,0,-1.010000,0.730000,0.630952,0.742857,"{""C"": 3.1622776601683795}"
logreg,2,1,-0.835000,0.765000,0.689286,0.782024,"{""C"": 1.0}"
logreg,2,2,-0.950000,0.690000,0.626190,0.730714,"{""C"": 31.622776601683793}"
logreg,2,3,-0.840000,0.780000,0.695238,0.765238,"{""C"": 31.622776601683793}"
logreg,2,4,-0.780000,0.740000,0.690476,0.824405,"{""C"": 31.622776601683793}"
logreg,3,0,-0.775000,0.785000,0.713095,0.810119,"{""C"": 3.1622776601683795}"
logreg,3,1,-0.885000,0.735000,0.663095,0.798452,"{""C"": 316.2277660168379}"
logreg,3,2,-0.930000,0.750000,0.659524,0.763571,"{""C"": 0.31622776601683794}"
logreg,3,3,-0.885000,0.735000,0.663095,0.764881,"{""C"": 316.2277660168379}"
logreg,3,4,-0.910000,0.750000,0.664286,0.756905,"{""C"": 100.0}"
logreg,4,0,-0.770000,0.750000,0.697619,0.819167,"{""C"": 1.0}"
logreg,4,1,-0.960000,0.720000,0.638095,0.755119,"{""C"": 3.1622776601683795}"
logreg,4,2,-0.690000,0.770000,0.726190,0.823810,"{""C"": 100.0}"
logreg,4,3,-1.105000,0.735000,0.610714,0.721905,"{""C"": 10.0}"
logreg,4,4,-0.890000,0.770000,0.678571,0.797262,"{""C"": 3.1622776601683795}"
knn,0,0,-0.915000,0.745000,0.660714,0.714524,"{""n_neighbors"": 3, ""weights"": ""distance""}"
knn,0,1,-1.180000,0.660000,0.557143,0.557143,"{""n_neighbors"": 1, ""weights"": ""uniform""}"
knn,0,2,-1.020000,0.740000,0.633333,0.699048,"{""n_neighbors"": 3, ""weights"": ""uniform""}"
knn,0,3,-1.100000,0.640000,0.566667,0.566667,"{""n_neighbors"": 1, ""weights"": ""uniform""}"
knn,0,4,-0.930000,0.730000,0.650000,0.650000,"{""n_neighbors"": 1, ""weights"": ""uniform""}"
knn,1,0,-0.990000,0.690000,0.616667,0.616667,"{""n_neighbors"": 1, ""weights"": ""uniform""}"
knn,1,1,-0.850000,0.710000,0.659524,0.659524,"{""n_neighbors"": 1, ""weights"": ""uniform""}"
knn,1,2,-1.010000,0.690000,0.611905,0.611905,"{""n_neighbors"": 1, ""weights"": ""uniform""}"
knn,1,3,-1.090000,0.690000,0.592857,0.592857,"{""n_neighbors"": 1, ""weights"": ""uniform""}"
knn,1,4,-1.105000,0.675000,0.582143,0.582143,"{""n_neighbors"": 1, ""weights"": ""uniform""}"
knn,2,0,-1.025000,0.735000,0.629762,0.629762,"{""n_neighbors"": 1, ""weights"": ""uniform""}"
knn,2,1,-1.000000,0.660000,0.600000,0.600000,"{""n_neighbors"": 1, ""weights"": ""uniform""}"
knn,2,2,-0.985000,0.715000,0.629762,0.708571,"{""n_neighbors"": 3, ""weights"": ""distance""}"
knn,2,3,-1.175000,0.685000,0.570238,0.631429,"{""n_neighbors"": 3, ""weights"": ""uniform""}"
knn,2,4,-0.850000,0.690000,0.650000,0.650000,"{""n_neighbors"": 1, ""weights"": ""uniform""}"
knn,3,0,-0.960000,0.740000,0.647619,0.741667,"{""n_neighbors"": 3, ""weights"": ""uniform""}"
knn,3,1,-1.005000,0.715000,0.625000,0.700893,"{""n_neighbors"": 3, ""weights"": ""distance""}"
knn,3,2,-1.140000,0.720000,0.595238,0.658810,"{""n_neighbors"": 3, ""weights"": ""uniform""}"
knn,3,3,-0.910000,0.750000,0.664286,0.709583,"{""n_neighbors"": 3, ""weights"": ""uniform""}"
knn,3,4,-1.025000,0.695000,0.610714,0.610714,"{""n_neighbors"": 1, ""weights"": ""uniform""}"
knn,4,0,-0.910000,0.730000,0.654762,0.743333,"{""n_neighbors"": 3, ""weights"": ""uniform""}"
knn,4,1,-1.020000,0.720000,0.623810,0.677500,"{""n_neighbors"": 3, ""weights"": ""distance""}"
knn,4,2,-0.965000,0.695000,0.625000,0.625000,"{""n_neighbors"": 1, ""weights"": ""uniform""}"
knn,4,3,-1.070000,0.670000,0.588095,0.588095,"{""n_neighbors"": 1, ""weights"": ""uniform""}"
knn,4,4,-1.170000,0.710000,0.583333,0.683214,"{""n_neighbors"": 5, ""weights"": ""uniform""}"
lda,0,0,-0.825000,0.775000,0.696429,0.786429,{}
lda,0,1,-0.915000,0.725000,0.651190,0.748095,{}
lda,0,2,-0.965000,0.755000,0.653571,0.786905,{}
lda,0,3,-0.925000,0.735000,0.653571,0.745476,{}
lda,0,4,-0.650000,0.810000,0.754762,0.823333,{}
lda,1,0,-0.570000,0.810000,0.773810,0.823571,{}
lda,1,1,-0.840000,0.760000,0.685714,0.782976,{}
lda,1,2,-1.005000,0.715000,0.625000,0.742143,{}
lda,1,3,-0.950000,0.750000,0.654762,0.818929,{}
lda,1,4,-0.865000,0.755000,0.677381,0.792024,{}
lda,2,0,-0.965000,0.735000,0.644048,0.741190,{}
lda,2,1,-0.855000,0.765000,0.684524,0.780238,{}
lda,2,2,-0.905000,0.695000,0.639286,0.740119,{}
lda,2,3,-0.845000,0.775000,0.691667,0.770952,{}
lda,2,4,-0.775000,0.745000,0.694048,0.827024,{}
lda,3,0,-0.795000,0.765000,0.698810,0.807857,{}
lda,3,1,-0.880000,0.740000,0.666667,0.806429,{}
lda,3,2,-0.890000,0.750000,0.669048,0.752738,{}
lda,3,3,-0.880000,0.740000,0.666667,0.773333,{}
lda,3,4,-0.915000,0.745000,0.660714,0.753571,{}
lda,4,0,-0.755000,0.745000,0.698810,0.812500,{}
lda,4,1,-0.925000,0.715000,0.644048,0.751905,{}
lda,4,2,-0.715000,0.765000,0.717857,0.820714,{}
lda,4,3,-1.080000,0.740000,0.619048,0.729167,{}
lda,4,4,-0.945000,0.755000,0.658333,0.799524,{}
qda,0,0,-0.795000,0.745000,0.689286,0.804881,"{""reg_param"": 0.1}"
qda,0,1,-0.865000,0.735000,0.667857,0.755714,"{""reg_param"": 0.05}"
qda,0,2,-0.910000,0.730000,0.654762,0.747619,"{""reg_param"": 0.01}"
qda,0,3,-0.775000,0.725000,0.684524,0.774405,"{""reg_param"": 0.01}"
qda,0,4,-0.660000,0.760000,0.728571,0.778214,"{""reg_param"": 0.01}"
qda,1,0,-0.570000,0.790000,0.764286,0.823333,"{""reg_param"": 0.05}"
qda,1,1,-0.895000,0.705000,0.646429,0.719643,"{""reg_param"": 0.01}"
qda,1,2,-0.925000,0.715000,0.644048,0.729643,"{""reg_param"": 0.05}"
qda,1,3,-0.850000,0.750000,0.678571,0.785238,"{""reg_param"": 0.01}"
qda,1,4,-0.805000,0.755000,0.691667,0.750952,"{""reg_param"": 0.05}"
qda,2,0,-1.080000,0.700000,0.600000,0.725833,"{""reg_param"": 0.05}"
qda,2,1,-0.890000,0.710000,0.650000,0.725833,"{""reg_param"": 0.05}"
qda,2,2,-0.710000,0.750000,0.711905,0.802857,"{""reg_param"": 0.05}"
qda,2,3,-0.855000,0.765000,0.684524,0.788333,"{""reg_param"": 0.1}"
qda,2,4,-0.630000,0.770000,0.740476,0.808333,"{""reg_param"": 0.05}"
qda,3,0,-0.815000,0.745000,0.684524,0.803333,"{""reg_param"": 0.05}"
qda,3,1,-0.640000,0.760000,0.733333,0.799048,"{""reg_param"": 0.01}"
qda,3,2,-0.980000,0.720000,0.633333,0.740476,"{""reg_param"": 0.05}"
qda,3,3,-0.825000,0.755000,0.686905,0.776786,"{""reg_param"": 0.05}"
qda,3,4,-0.925000,0.735000,0.653571,0.749405,"{""reg_param"": 0.05}"
qda,4,0,-0.825000,0.735000,0.677381,0.805000,"{""reg_param"": 0.05}"
qda,4,1,-0.915000,0.685000,0.632143,0.702738,"{""reg_param"": 0.01}"
qda,4,2,-0.715000,0.725000,0.698810,0.765357,"{""reg_param"": 0.01}"
qda,4,3,-1.000000,0.700000,0.619048,0.740000,"{""reg_param"": 0.05}"
qda,4,4,-0.640000,0.780000,0.742857,0.790952,"{""reg_param"": 0.01}"
tree,0,0,-0.775000,0.725000,0.684524,0.684524,"{""max_depth"": null, ""min_samples_leaf"": 1}"
tree,0,1,-1.225000,0.635000,0.534524,0.609405,"{""max_depth"": null, ""min_samples_leaf"": 10}"
tree,0,2,-1.020000,0.700000,0.614286,0.724048,"{""max_depth"": null, ""min_samples_leaf"": 10}"
tree,0,3,-0.955000,0.685000,0.622619,0.622619,"{""max_depth"": null, ""min_samples_leaf"": 1}"
tree,0,4,-1.095000,0.725000,0.608333,0.731488,"{""max_depth"": 6, ""min_samples_leaf"": 10}"
tree,1,0,-1.030000,0.690000,0.607143,0.745298,"{""max_depth"": 8, ""min_samples_leaf"": 10}"
tree,1,1,-0.965000,0.675000,0.615476,0.674762,"{""max_depth"": null, ""min_samples_leaf"": 10}"
tree,1,2,-1.055000,0.645000,0.579762,0.591369,"{""max_depth"": 8, ""min_samples_leaf"": 10}"
tree,1,3,-0.715000,0.745000,0.708333,0.761905,"{""max_depth"": null, ""min_samples_leaf"": 5}"
tree,1,4,-1.120000,0.700000,0.590476,0.706429,"{""max_depth"": 8, ""min_samples_leaf"": 1}"
tree,2,0,-0.905000,0.715000,0.648810,0.737798,"{""max_depth"": null, ""min_samples_leaf"": 10}"
tree,2,1,-0.890000,0.710000,0.650000,0.693155,"{""max_depth"": null, ""min_samples_leaf"": 5}"
tree,2,2,-0.955000,0.665000,0.613095,0.613095,"{""max_depth"": null, ""min_samples_leaf"": 1}"
tree,2,3,-1.230000,0.670000,0.550000,0.666250,"{""max_depth"": 8, ""min_samples_leaf"": 5}"
tree,2,4,-0.755000,0.665000,0.660714,0.706310,"{""max_depth"": null, ""min_samples_leaf"": 5}"
tree,3,0,-0.970000,0.670000,0.611905,0.611905,"{""max_depth"": null, ""min_samples_leaf"": 1}"
tree,3,1,-0.930000,0.710000,0.640476,0.723095,"{""max_depth"": null, ""min_samples_leaf"": 10}"
tree,3,2,-1.085000,0.695000,0.596429,0.656190,"{""max_depth"": 6, ""min_samples_leaf"": 5}"
tree,3,3,-1.055000,0.685000,0.598810,0.671667,"{""max_depth"": 2, ""min_samples_leaf"": 1}"
tree,3,4,-1.125000,0.655000,0.567857,0.567857,"{""max_depth"": null, ""min_samples_leaf"": 1}"
tree,4,0,-1.085000,0.675000,0.586905,0.650655,"{""max_depth"": null, ""min_samples_leaf"": 10}"
tree,4,1,-1.135000,0.625000,0.551190,0.570536,"{""max_depth"": null, ""min_samples_leaf"": 5}"
tree,4,2,-0.915000,0.685000,0.632143,0.632143,"{""max_depth"": null, ""min_samples_leaf"": 1}"
tree,4,3,-1.130000,0.630000,0.554762,0.554762,"{""max_depth"": null, ""min_samples_leaf"": 1}"
tree,4,4,-0.920000,0.700000,0.638095,0.724107,"{""max_depth"": null, ""min_samples_leaf"": 10}"
rf,0,0,-0.820000,0.780000,0.700000,0.807262,"{""max_features"": 0.5, ""min_samples_leaf"": 1}"
rf,0,1,-1.030000,0.710000,0.616667,0.739107,"{""max_features"": 0.5, ""min_samples_leaf"": 1}"
rf,0,2,-1.015000,0.765000,0.646429,0.785714,"{""max_features"": 0.5, ""min_samples_leaf"": 3}"
rf,0,3,-0.955000,0.745000,0.651190,0.753333,"{""max_features"": 0.5, ""min_samples_leaf"": 1}"
rf,0,4,-0.965000,0.735000,0.644048,0.795774,"{""max_features"": 0.5, ""min_samples_leaf"": 1}"
rf,1,0,-0.815000,0.765000,0.694048,0.819762,"{""max_features"": 0.5, ""min_samples_leaf"": 1}"
rf,1,1,-0.845000,0.775000,0.691667,0.772679,"{""max_features"": 0.5, ""min_samples_leaf"": 1}"
rf,1,2,-0.910000,0.750000,0.664286,0.747381,"{""max_features"": 0.5, ""min_samples_leaf"": 1}"
rf,1,3,-0.870000,0.790000,0.692857,0.840595,"{""max_features"": 0.5, ""min_samples_leaf"": 1}"
rf,1,4,-1.010000,0.730000,0.630952,0.778631,"{""max_features"": 0.5, ""min_samples_leaf"": 1}"
rf,2,0,-1.150000,0.710000,0.588095,0.743036,"{""max_features"": 0.5, ""min_samples_leaf"": 1}"
rf,2,1,-0.900000,0.780000,0.680952,0.778690,"{""max_features"": 0.5, ""min_samples_leaf"": 1}"
rf,2,2,-0.810000,0.770000,0.697619,0.798214,"{""max_features"": 0.5, ""min_samples_leaf"": 1}"
rf,2,3,-0.995000,0.745000,0.641667,0.734762,"{""max_features"": 0.5, ""min_samples_leaf"": 3}"
rf,2,4,-0.670000,0.790000,0.740476,0.840774,"{""max_features"": 0.5, ""min_samples_leaf"": 1}"
rf,3,0,-0.735000,0.785000,0.722619,0.808869,"{""max_features"": 0.5, ""min_samples_leaf"": 1}"
rf,3,1,-0.840000,0.780000,0.695238,0.833274,"{""max_features"": 0.25, ""min_samples_leaf"": 1}"
rf,3,2,-1.010000,0.730000,0.630952,0.739107,"{""max_features"": 0.25, ""min_samples_leaf"": 1}"
rf,3,3,-0.945000,0.755000,0.658333,0.781071,"{""max_features"": 0.5, ""min_samples_leaf"": 1}"
rf,3,4,-0.975000,0.745000,0.646429,0.743810,"{""max_features"": 0.5, ""min_samples_leaf"": 1}"
rf,4,0,-0.805000,0.755000,0.691667,0.811369,"{""max_features"": 0.5, ""min_samples_leaf"": 1}"
rf,4,1,-0.910000,0.750000,0.664286,0.758631,"{""max_features"": 0.5, ""min_samples_leaf"": 1}"
rf,4,2,-0.805000,0.775000,0.701190,0.786667,"{""max_features"": 0.5, ""min_samples_leaf"": 1}"
rf,4,3,-1.010000,0.750000,0.640476,0.779821,"{""max_features"": 0.25, ""min_samples_leaf"": 1}"
rf,4,4,-0.925000,0.775000,0.672619,0.774167,"{""max_features"": 0.5, ""min_samples_leaf"": 3}"
bagging,0,0,-0.800000,0.780000,0.704762,0.800357,"{""estimator__min_samples_leaf"": 1}"
bagging,0,1,-1.055000,0.725000,0.617857,0.727857,"{""estimator__min_samples_leaf"": 3}"
bagging,0,2,-0.880000,0.780000,0.685714,0.776488,"{""estimator__min_samples_leaf"": 1}"
bagging,0,3,-0.935000,0.745000,0.655952,0.755417,"{""estimator__min_samples_leaf"": 1}"
bagging,0,4,-0.900000,0.760000,0.671429,0.787917,"{""estimator__min_samples_leaf"": 1}"
bagging,1,0,-0.800000,0.760000,0.695238,0.837381,"{""estimator__min_samples_leaf"": 1}"
bagging,1,1,-0.850000,0.770000,0.688095,0.761071,"{""estimator__min_samples_leaf"": 1}"
bagging,1,2,-0.970000,0.730000,0.640476,0.742381,"{""estimator__min_samples_leaf"": 1}"
bagging,1,3,-0.815000,0.805000,0.713095,0.844464,"{""estimator__min_samples_leaf"": 1}"
bagging,1,4,-0.935000,0.725000,0.646429,0.769583,"{""estimator__min_samples_leaf"": 1}"
bagging,2,0,-1.050000,0.750000,0.630952,0.745536,"{""estimator__min_samples_leaf"": 1}"
bagging,2,1,-0.770000,0.790000,0.716667,0.784821,"{""estimator__min_samples_leaf"": 1}"
bagging,2,2,-0.925000,0.735000,0.653571,0.787619,"{""estimator__min_samples_leaf"": 1}"
bagging,2,3,-1.100000,0.700000,0.595238,0.725476,"{""estimator__min_samples_leaf"": 1}"
bagging,2,4,-0.715000,0.765000,0.717857,0.832381,"{""estimator__min_samples_leaf"": 1}"
bagging,3,0,-0.845000,0.755000,0.682143,0.798452,"{""estimator__min_samples_leaf"": 3}"
bagging,3,1,-0.850000,0.770000,0.688095,0.825536,"{""estimator__min_samples_leaf"": 1}"
bagging,3,2,-1.030000,0.710000,0.616667,0.728631,"{""estimator__min_samples_leaf"": 1}"
bagging,3,3,-0.845000,0.755000,0.682143,0.790000,"{""estimator__min_samples_leaf"": 1}"
bagging,3,4,-1.000000,0.720000,0.628571,0.736310,"{""estimator__min_samples_leaf"": 1}"
bagging,4,0,-0.790000,0.770000,0.702381,0.810357,"{""estimator__min_samples_leaf"": 3}"
bagging,4,1,-0.930000,0.750000,0.659524,0.753512,"{""estimator__min_samples_leaf"": 1}"
bagging,4,2,-0.900000,0.720000,0.652381,0.763571,"{""estimator__min_samples_leaf"": 1}"
bagging,4,3,-0.800000,0.780000,0.704762,0.766429,"{""estimator__min_samples_leaf"": 1}"
bagging,4,4,-0.920000,0.760000,0.666667,0.774940,"{""estimator__min_samples_leaf"": 1}"
boosting,0,0,-0.795000,0.765000,0.698810,0.752619,"{""learning_rate"": 0.1, ""max_depth"": 3, ""max_iter"": 300}"
boosting,0,1,-0.960000,0.680000,0.619048,0.736667,"{""learning_rate"": 0.3, ""max_depth"": 2, ""max_iter"": 300}"
boosting,0,2,-1.060000,0.740000,0.623810,0.801905,"{""learning_rate"": 0.1, ""max_depth"": null, ""max_iter"": 300}"
boosting,0,3,-0.920000,0.720000,0.647619,0.717500,"{""learning_rate"": 0.3, ""max_depth"": 2, ""max_iter"": 300}"
boosting,0,4,-0.835000,0.765000,0.689286,0.808452,"{""learning_rate"": 0.1, ""max_depth"": 2, ""max_iter"": 300}"
boosting,1,0,-0.565000,0.815000,0.777381,0.823571,"{""learning_rate"": 0.1, ""max_depth"": 2, ""max_iter"": 300}"
boosting,1,1,-0.845000,0.735000,0.672619,0.748333,"{""learning_rate"": 0.3, ""max_depth"": 2, ""max_iter"": 300}"
boosting,1,2,-0.970000,0.710000,0.630952,0.730357,"{""learning_rate"": 0.3, ""max_depth"": 3, ""max_iter"": 300}"
boosting,1,3,-0.795000,0.785000,0.708333,0.827262,"{""learning_rate"": 0.3, ""max_depth"": null, ""max_iter"": 300}"
boosting,1,4,-0.790000,0.770000,0.702381,0.804048,"{""learning_rate"": 0.3, ""max_depth"": 3, ""max_iter"": 100}"
boosting,2,0,-1.015000,0.725000,0.627381,0.729524,"{""learning_rate"": 0.3, ""max_depth"": 3, ""max_iter"": 300}"
boosting,2,1,-0.735000,0.785000,0.722619,0.791190,"{""learning_rate"": 0.3, ""max_depth"": 2, ""max_iter"": 300}"
boosting,2,2,-0.780000,0.760000,0.700000,0.782857,"{""learning_rate"": 0.3, ""max_depth"": 3, ""max_iter"": 300}"
boosting,2,3,-0.780000,0.780000,0.709524,0.770476,"{""learning_rate"": 0.3, ""max_depth"": 3, ""max_iter"": 100}"
boosting,2,4,-0.670000,0.790000,0.740476,0.855833,"{""learning_rate"": 0.3, ""max_depth"": 2, ""max_iter"": 100}"
boosting,3,0,-0.790000,0.730000,0.683333,0.787381,"{""learning_rate"": 0.3, ""max_depth"": 3, ""max_iter"": 300}"
boosting,3,1,-0.750000,0.790000,0.721429,0.835833,"{""learning_rate"": 0.3, ""max_depth"": 2, ""max_iter"": 100}"
boosting,3,2,-0.935000,0.745000,0.655952,0.752500,"{""learning_rate"": 0.1, ""max_depth"": 2, ""max_iter"": 300}"
boosting,3,3,-0.875000,0.705000,0.651190,0.732619,"{""learning_rate"": 0.3, ""max_depth"": 3, ""max_iter"": 300}"
boosting,3,4,-0.945000,0.735000,0.648810,0.739167,"{""learning_rate"": 0.1, ""max_depth"": 3, ""max_iter"": 300}"
boosting,4,0,-0.835000,0.745000,0.679762,0.760476,"{""learning_rate"": 0.3, ""max_depth"": 3, ""max_iter"": 300}"
boosting,4,1,-0.840000,0.760000,0.685714,0.771905,"{""learning_rate"": 0.3, ""max_depth"": null, ""max_iter"": 300}"
boosting,4,2,-0.610000,0.790000,0.754762,0.808929,"{""learning_rate"": 0.3, ""max_depth"": 2, ""max_iter"": 300}"
boosting,4,3,-0.910000,0.750000,0.664286,0.738810,"{""learning_rate"": 0.3, ""max_depth"": 2, ""max_iter"": 300}"
boosting,4,4,-0.900000,0.740000,0.661905,0.788929,"{""learning_rate"": 0.3, ""max_depth"": 2, ""max_iter"": 300}"
adaboost,0,0,-0.820000,0.780000,0.700000,0.816190,"{""learning_rate"": 1.0, ""n_estimators"": 300}"
adaboost,0,1,-0.985000,0.695000,0.620238,0.731786,"{""learning_rate"": 1.0, ""n_estimators"": 300}"
adaboost,0,2,-0.870000,0.790000,0.692857,0.806548,"{""learning_rate"": 1.0, ""n_estimators"": 300}"
adaboost,0,3,-1.035000,0.705000,0.613095,0.736905,"{""learning_rate"": 1.0, ""n_estimators"": 300}"
adaboost,0,4,-0.845000,0.755000,0.682143,0.786845,"{""learning_rate"": 1.0, ""n_estimators"": 300}"
adaboost,1,0,-0.755000,0.785000,0.717857,0.815357,"{""learning_rate"": 1.0, ""n_estimators"": 300}"
adaboost,1,1,-0.850000,0.770000,0.688095,0.785000,"{""learning_rate"": 1.0, ""n_estimators"": 300}"
adaboost,1,2,-0.950000,0.710000,0.635714,0.732619,"{""learning_rate"": 1.0, ""n_estimators"": 300}"
adaboost,1,3,-0.930000,0.770000,0.669048,0.815119,"{""learning_rate"": 1.0, ""n_estimators"": 300}"
adaboost,1,4,-0.775000,0.765000,0.703571,0.791548,"{""learning_rate"": 1.0, ""n_estimators"": 300}"
adaboost,2,0,-1.035000,0.725000,0.622619,0.751071,"{""learning_rate"": 1.0, ""n_estimators"": 300}"
adaboost,2,1,-0.710000,0.790000,0.730952,0.780833,"{""learning_rate"": 1.0, ""n_estimators"": 300}"
adaboost,2,2,-0.875000,0.745000,0.670238,0.785238,"{""learning_rate"": 1.0, ""n_estimators"": 300}"
adaboost,2,3,-0.890000,0.750000,0.669048,0.752143,"{""learning_rate"": 1.0, ""n_estimators"": 300}"
adaboost,2,4,-0.805000,0.735000,0.682143,0.818095,"{""learning_rate"": 1.0, ""n_estimators"": 300}"
adaboost,3,0,-0.695000,0.805000,0.741667,0.817381,"{""learning_rate"": 1.0, ""n_estimators"": 300}"
adaboost,3,1,-0.805000,0.775000,0.701190,0.821310,"{""learning_rate"": 1.0, ""n_estimators"": 300}"
adaboost,3,2,-0.845000,0.775000,0.691667,0.767500,"{""learning_rate"": 1.0, ""n_estimators"": 100}"
adaboost,3,3,-0.915000,0.725000,0.651190,0.735238,"{""learning_rate"": 1.0, ""n_estimators"": 300}"
adaboost,3,4,-0.955000,0.725000,0.641667,0.760357,"{""learning_rate"": 1.0, ""n_estimators"": 300}"
adaboost,4,0,-0.725000,0.755000,0.710714,0.796548,"{""learning_rate"": 1.0, ""n_estimators"": 300}"
adaboost,4,1,-1.070000,0.710000,0.607143,0.742440,"{""learning_rate"": 1.0, ""n_estimators"": 100}"
adaboost,4,2,-0.770000,0.770000,0.707143,0.819048,"{""learning_rate"": 1.0, ""n_estimators"": 300}"
adaboost,4,3,-1.025000,0.735000,0.629762,0.752024,"{""learning_rate"": 1.0, ""n_estimators"": 300}"
adaboost,4,4,-0.865000,0.775000,0.686905,0.780595,"{""learning_rate"": 1.0, ""n_estimators"": 100}"
svm_linear,0,0,-0.875000,0.765000,0.679762,0.778810,"{""C"": 10.0}"
svm_linear,0,1,-0.950000,0.710000,0.635714,0.745595,"{""C"": 10.0}"
svm_linear,0,2,-0.965000,0.755000,0.653571,0.804762,"{""C"": 1.0}"
svm_linear,0,3,-0.900000,0.740000,0.661905,0.734405,"{""C"": 1.0}"
svm_linear,0,4,-0.780000,0.780000,0.709524,0.812143,"{""C"": 10.0}"
svm_linear,1,0,-0.730000,0.770000,0.716667,0.807143,"{""C"": 10.0}"
svm_linear,1,1,-0.845000,0.755000,0.682143,0.769643,"{""C"": 1.0}"
svm_linear,1,2,-0.945000,0.735000,0.648810,0.729643,"{""C"": 10.0}"
svm_linear,1,3,-0.950000,0.750000,0.654762,0.828333,"{""C"": 1.0}"
svm_linear,1,4,-0.840000,0.760000,0.685714,0.793929,"{""C"": 10.0}"
svm_linear,2,0,-0.965000,0.735000,0.644048,0.747738,"{""C"": 10.0}"
svm_linear,2,1,-0.745000,0.775000,0.715476,0.779762,"{""C"": 10.0}"
svm_linear,2,2,-0.930000,0.710000,0.640476,0.741429,"{""C"": 10.0}"
svm_linear,2,3,-0.800000,0.780000,0.704762,0.749524,"{""C"": 10.0}"
svm_linear,2,4,-0.780000,0.740000,0.690476,0.826667,"{""C"": 10.0}"
svm_linear,3,0,-0.850000,0.770000,0.688095,0.802857,"{""C"": 10.0}"
svm_linear,3,1,-0.870000,0.750000,0.673810,0.801667,"{""C"": 1.0}"
svm_linear,3,2,-0.970000,0.730000,0.640476,0.755000,"{""C"": 1.0}"
svm_linear,3,3,-0.915000,0.725000,0.651190,0.762738,"{""C"": 1.0}"
svm_linear,3,4,-0.920000,0.740000,0.657143,0.743571,"{""C"": 1.0}"
svm_linear,4,0,-0.650000,0.770000,0.735714,0.822500,"{""C"": 10.0}"
svm_linear,4,1,-0.875000,0.725000,0.660714,0.757143,"{""C"": 10.0}"
svm_linear,4,2,-0.735000,0.785000,0.722619,0.822857,"{""C"": 10.0}"
svm_linear,4,3,-1.135000,0.725000,0.598810,0.730595,"{""C"": 1.0}"
svm_linear,4,4,-0.990000,0.750000,0.645238,0.790357,"{""C"": 10.0}"
svm_rbf,0,0,-0.695000,0.765000,0.722619,0.814286,"{""C"": 100.0, ""gamma"": 0.03}"
svm_rbf,0,1,-1.050000,0.670000,0.592857,0.712024,"{""C"": 10.0, ""gamma"": 0.03}"
svm_rbf,0,2,-1.010000,0.750000,0.640476,0.804286,"{""C"": 10.0, ""gamma"": 0.01}"
svm_rbf,0,3,-0.960000,0.720000,0.638095,0.757262,"{""C"": 10.0, ""gamma"": 0.01}"
svm_rbf,0,4,-0.790000,0.770000,0.702381,0.795833,"{""C"": 10.0, ""gamma"": 0.03}"
svm_rbf,1,0,-0.700000,0.780000,0.728571,0.830000,"{""C"": 100.0, ""gamma"": 0.01}"
svm_rbf,1,1,-0.835000,0.765000,0.689286,0.792500,"{""C"": 10.0, ""gamma"": 0.01}"
svm_rbf,1,2,-0.870000,0.750000,0.673810,0.749167,"{""C"": 10.0, ""gamma"": 0.03}"
svm_rbf,1,3,-0.915000,0.745000,0.660714,0.815000,"{""C"": 100.0, ""gamma"": 0.01}"
svm_rbf,1,4,-0.775000,0.785000,0.713095,0.790119,"{""C"": 10.0, ""gamma"": 0.03}"
svm_rbf,2,0,-0.950000,0.730000,0.645238,0.714524,"{""C"": 100.0, ""gamma"": 0.01}"
svm_rbf,2,1,-0.950000,0.710000,0.635714,0.747143,"{""C"": 100.0, ""gamma"": 0.01}"
svm_rbf,2,2,-0.765000,0.775000,0.710714,0.778333,"{""C"": 10.0, ""gamma"": 0.03}"
svm_rbf,2,3,-0.910000,0.710000,0.645238,0.722500,"{""C"": 100.0, ""gamma"": 0.03}"
svm_rbf,2,4,-0.575000,0.805000,0.770238,0.844762,"{""C"": 10.0, ""gamma"": 0.03}"
svm_rbf,3,0,-0.875000,0.705000,0.651190,0.773690,"{""C"": 100.0, ""gamma"": 0.03}"
svm_rbf,3,1,-0.805000,0.755000,0.691667,0.802857,"{""C"": 10.0, ""gamma"": 0.03}"
svm_rbf,3,2,-0.890000,0.730000,0.659524,0.725238,"{""C"": 100.0, ""gamma"": 0.1}"
svm_rbf,3,3,-0.845000,0.755000,0.682143,0.767738,"{""C"": 10.0, ""gamma"": 0.03}"
svm_rbf,3,4,-0.890000,0.730000,0.659524,0.735000,"{""C"": 100.0, ""gamma"": 0.03}"
svm_rbf,4,0,-0.855000,0.745000,0.675000,0.806071,"{""C"": 10.0, ""gamma"": 0.03}"
svm_rbf,4,1,-0.885000,0.695000,0.644048,0.710238,"{""C"": 100.0, ""gamma"": 0.03}"
svm_rbf,4,2,-0.755000,0.725000,0.689286,0.766786,"{""C"": 100.0, ""gamma"": 0.03}"
svm_rbf,4,3,-0.915000,0.745000,0.660714,0.745952,"{""C"": 10.0, ""gamma"": 0.1}"
svm_rbf,4,4,-0.880000,0.740000,0.666667,0.771310,"{""C"": 10.0, ""gamma"": 0.03}"
